
> healthlife-backend@1.0.0 dev
> npm run kill-port && ts-node-dev --respawn --transpile-only src/server.ts


> healthlife-backend@1.0.0 kill-port
> node scripts/kill-port.js

No process found on port 5001
[INFO] 19:19:53 ts-node-dev ver. 2.0.0 (using ts-node ver. 10.9.2, typescript ver. 5.9.3)
(node:33116) [MONGOOSE] Warning: Duplicate schema index on {"email":1} found. This is often due to declaring an index using both "index: true" and "schema.index()". Please remove the duplicate index definition.
(Use `node --trace-warnings ...` to show where the warning was created)
(node:33116) [MONGOOSE] Warning: Duplicate schema index on {"role":1} found. This is often due to declaring an index using both "index: true" and "schema.index()". Please remove the duplicate index definition.
(node:33116) [MONGOOSE] Warning: Duplicate schema index on {"userId":1} found. This is often due to declaring an index using both "index: true" and "schema.index()". Please remove the duplicate index definition.
2025-12-14 19:19:54 [[32minfo[39m]: 🚀 Server running on port 5001 {"service":"healthlife-backend"}
info: 🚀 Server running on port 5001 {"service":"healthlife-backend","timestamp":"2025-12-14 19:19:54"}
2025-12-14 19:19:54 [[32minfo[39m]: 📡 Environment: development {"service":"healthlife-backend"}
info: 📡 Environment: development {"service":"healthlife-backend","timestamp":"2025-12-14 19:19:54"}
(node:33116) NOTE: The AWS SDK for JavaScript (v2) is in maintenance mode.
 SDK releases are limited to address critical bug fixes and security issues only.

Please migrate your code to use AWS SDK for JavaScript (v3).
For more information, check the blog post at https://a.co/cUPnyil
2025-12-14 19:19:54 [[32minfo[39m]: ✅ MongoDB connected successfully {"service":"healthlife-backend"}
info: ✅ MongoDB connected successfully {"service":"healthlife-backend","timestamp":"2025-12-14 19:19:54"}
2025-12-14 19:20:00 [[32minfo[39m]: ✅ PostgreSQL connected successfully {"service":"healthlife-backend"}
info: ✅ PostgreSQL connected successfully {"service":"healthlife-backend","timestamp":"2025-12-14 19:20:00"}
2025-12-14 19:22:15 [[31merror[39m]: [object Object] {"service":"healthlife-backend"}
error: [object Object] {"service":"healthlife-backend","timestamp":"2025-12-14 19:22:15"}
2025-12-14 19:22:15 [[32minfo[39m]: ::1 - - [14/Dec/2025:13:22:15 +0000] "POST /api/auth/login HTTP/1.1" 401 261 "http://localhost:3000/" "Mozilla/5.0 (Macintosh; Intel Mac OS X 10_15_7) AppleWebKit/605.1.15 (KHTML, like Gecko) Version/26.1 Safari/605.1.15" {"service":"healthlife-backend"}
info: ::1 - - [14/Dec/2025:13:22:15 +0000] "POST /api/auth/login HTTP/1.1" 401 261 "http://localhost:3000/" "Mozilla/5.0 (Macintosh; Intel Mac OS X 10_15_7) AppleWebKit/605.1.15 (KHTML, like Gecko) Version/26.1 Safari/605.1.15" {"service":"healthlife-backend","timestamp":"2025-12-14 19:22:15"}
2025-12-14 19:22:16 [[31merror[39m]: [object Object] {"service":"healthlife-backend"}
error: [object Object] {"service":"healthlife-backend","timestamp":"2025-12-14 19:22:16"}
2025-12-14 19:22:16 [[32minfo[39m]: ::1 - - [14/Dec/2025:13:22:16 +0000] "POST /api/auth/login HTTP/1.1" 401 261 "http://localhost:3000/" "Mozilla/5.0 (Macintosh; Intel Mac OS X 10_15_7) AppleWebKit/605.1.15 (KHTML, like Gecko) Version/26.1 Safari/605.1.15" {"service":"healthlife-backend"}
info: ::1 - - [14/Dec/2025:13:22:16 +0000] "POST /api/auth/login HTTP/1.1" 401 261 "http://localhost:3000/" "Mozilla/5.0 (Macintosh; Intel Mac OS X 10_15_7) AppleWebKit/605.1.15 (KHTML, like Gecko) Version/26.1 Safari/605.1.15" {"service":"healthlife-backend","timestamp":"2025-12-14 19:22:16"}
2025-12-14 19:22:17 [[31merror[39m]: [object Object] {"service":"healthlife-backend"}
error: [object Object] {"service":"healthlife-backend","timestamp":"2025-12-14 19:22:17"}
2025-12-14 19:22:17 [[32minfo[39m]: ::1 - - [14/Dec/2025:13:22:17 +0000] "POST /api/auth/login HTTP/1.1" 401 261 "http://localhost:3000/" "Mozilla/5.0 (Macintosh; Intel Mac OS X 10_15_7) AppleWebKit/605.1.15 (KHTML, like Gecko) Version/26.1 Safari/605.1.15" {"service":"healthlife-backend"}
info: ::1 - - [14/Dec/2025:13:22:17 +0000] "POST /api/auth/login HTTP/1.1" 401 261 "http://localhost:3000/" "Mozilla/5.0 (Macintosh; Intel Mac OS X 10_15_7) AppleWebKit/605.1.15 (KHTML, like Gecko) Version/26.1 Safari/605.1.15" {"service":"healthlife-backend","timestamp":"2025-12-14 19:22:17"}
2025-12-14 19:22:30 [[31merror[39m]: [object Object] {"service":"healthlife-backend"}
error: [object Object] {"service":"healthlife-backend","timestamp":"2025-12-14 19:22:30"}
2025-12-14 19:22:30 [[32minfo[39m]: ::1 - - [14/Dec/2025:13:22:30 +0000] "POST /api/auth/login HTTP/1.1" 401 261 "http://localhost:3000/" "Mozilla/5.0 (Macintosh; Intel Mac OS X 10_15_7) AppleWebKit/605.1.15 (KHTML, like Gecko) Version/26.1 Safari/605.1.15" {"service":"healthlife-backend"}
info: ::1 - - [14/Dec/2025:13:22:30 +0000] "POST /api/auth/login HTTP/1.1" 401 261 "http://localhost:3000/" "Mozilla/5.0 (Macintosh; Intel Mac OS X 10_15_7) AppleWebKit/605.1.15 (KHTML, like Gecko) Version/26.1 Safari/605.1.15" {"service":"healthlife-backend","timestamp":"2025-12-14 19:22:30"}
2025-12-14 19:25:02 [[31merror[39m]: [object Object] {"service":"healthlife-backend"}
error: [object Object] {"service":"healthlife-backend","timestamp":"2025-12-14 19:25:02"}
2025-12-14 19:25:02 [[32minfo[39m]: ::1 - - [14/Dec/2025:13:25:02 +0000] "POST /api/auth/login HTTP/1.1" 401 261 "http://localhost:3000/" "Mozilla/5.0 (Macintosh; Intel Mac OS X 10_15_7) AppleWebKit/605.1.15 (KHTML, like Gecko) Version/26.1 Safari/605.1.15" {"service":"healthlife-backend"}
info: ::1 - - [14/Dec/2025:13:25:02 +0000] "POST /api/auth/login HTTP/1.1" 401 261 "http://localhost:3000/" "Mozilla/5.0 (Macintosh; Intel Mac OS X 10_15_7) AppleWebKit/605.1.15 (KHTML, like Gecko) Version/26.1 Safari/605.1.15" {"service":"healthlife-backend","timestamp":"2025-12-14 19:25:02"}
2025-12-14 19:25:03 [[31merror[39m]: [object Object] {"service":"healthlife-backend"}
error: [object Object] {"service":"healthlife-backend","timestamp":"2025-12-14 19:25:03"}
2025-12-14 19:25:03 [[32minfo[39m]: ::1 - - [14/Dec/2025:13:25:03 +0000] "POST /api/auth/login HTTP/1.1" 401 261 "http://localhost:3000/" "Mozilla/5.0 (Macintosh; Intel Mac OS X 10_15_7) AppleWebKit/605.1.15 (KHTML, like Gecko) Version/26.1 Safari/605.1.15" {"service":"healthlife-backend"}
info: ::1 - - [14/Dec/2025:13:25:03 +0000] "POST /api/auth/login HTTP/1.1" 401 261 [INFO] 22:36:26 Restarting: /Users/palash/Development/intern/backend/src/controllers/patient.controller.ts has been modified
(node:81486) [MONGOOSE] Warning: Duplicate schema index on {"email":1} found. This is often due to declaring an index using both "index: true" and "schema.index()". Please remove the duplicate index definition.
(Use `node --trace-warnings ...` to show where the warning was created)
(node:81486) [MONGOOSE] Warning: Duplicate schema index on {"role":1} found. This is often due to declaring an index using both "index: true" and "schema.index()". Please remove the duplicate index definition.
(node:81486) [MONGOOSE] Warning: Duplicate schema index on {"userId":1} found. This is often due to declaring an index using both "index: true" and "schema.index()". Please remove the duplicate index definition.
2025-12-14 22:36:28 [[31merror[39m]: ❌ Port 5001 is already in use. Please run: npm run kill-port {"service":"healthlife-backend"}
error: ❌ Port 5001 is already in use. Please run: npm run kill-port {"service":"healthlife-backend","timestamp":"2025-12-14 22:36:28"}
2025-12-14 22:36:28 [[31merror[39m]:    Or manually kill the process: lsof -ti:5001 | xargs kill -9 {"service":"healthlife-backend"}
error:    Or manually kill the process: lsof -ti:5001 | xargs kill -9 {"service":"healthlife-backend","timestamp":"2025-12-14 22:36:28"}
[INFO] 22:36:48 Restarting: /Users/palash/Development/intern/backend/src/controllers/patient.controller.ts has been modified
(node:81698) [MONGOOSE] Warning: Duplicate schema index on {"email":1} found. This is often due to declaring an index using both "index: true" and "schema.index()". Please remove the duplicate index definition.
(Use `node --trace-warnings ...` to show where the warning was created)
(node:81698) [MONGOOSE] Warning: Duplicate schema index on {"role":1} found. This is often due to declaring an index using both "index: true" and "schema.index()". Please remove the duplicate index definition.
(node:81698) [MONGOOSE] Warning: Duplicate schema index on {"userId":1} found. This is often due to declaring an index using both "index: true" and "schema.index()". Please remove the duplicate index definition.
2025-12-14 22:36:49 [[31merror[39m]: ❌ Port 5001 is already in use. Please run: npm run kill-port {"service":"healthlife-backend"}
error: ❌ Port 5001 is already in use. Please run: npm run kill-port {"service":"healthlife-backend","timestamp":"2025-12-14 22:36:49"}
2025-12-14 22:36:49 [[31merror[39m]:    Or manually kill the process: lsof -ti:5001 | xargs kill -9 {"service":"healthlife-backend"}
error:    Or manually kill the process: lsof -ti:5001 | xargs kill -9 {"service":"healthlife-backend","timestamp":"2025-12-14 22:36:49"}
[INFO] 00:58:20 Restarting: /Users/palash/Development/intern/backend/src/server.ts has been modified
(node:51100) [MONGOOSE] Warning: Duplicate schema index on {"email":1} found. This is often due to declaring an index using both "index: true" and "schema.index()". Please remove the duplicate index definition.
(Use `node --trace-warnings ...` to show where the warning was created)
(node:51100) [MONGOOSE] Warning: Duplicate schema index on {"role":1} found. This is often due to declaring an index using both "index: true" and "schema.index()". Please remove the duplicate index definition.
(node:51100) [MONGOOSE] Warning: Duplicate schema index on {"userId":1} found. This is often due to declaring an index using both "index: true" and "schema.index()". Please remove the duplicate index definition.
2025-12-15 00:58:22 [[32minfo[39m]: 🚀 Server running on port 5001 {"service":"healthlife-backend"}
info: 🚀 Server running on port 5001 {"service":"healthlife-backend","timestamp":"2025-12-15 00:58:22"}
2025-12-15 00:58:22 [[32minfo[39m]: 📡 Environment: development {"service":"healthlife-backend"}
info: 📡 Environment: development {"service":"healthlife-backend","timestamp":"2025-12-15 00:58:22"}
(node:51100) NOTE: The AWS SDK for JavaScript (v2) is in maintenance mode.
 SDK releases are limited to address critical bug fixes and security issues only.

Please migrate your code to use AWS SDK for JavaScript (v3).
For more information, check the blog post at https://a.co/cUPnyil
2025-12-15 00:58:22 [[32minfo[39m]: ✅ MongoDB connected successfully {"service":"healthlife-backend"}
info: ✅ MongoDB connected successfully {"service":"healthlife-backend","timestamp":"2025-12-15 00:58:22"}
2025-12-15 00:58:22 [[32minfo[39m]: ✅ PostgreSQL connected successfully {"service":"healthlife-backend"}
info: ✅ PostgreSQL connected successfully {"service":"healthlife-backend","timestamp":"2025-12-15 00:58:22"}
[INFO] 00:58:24 Restarting: /Users/palash/Development/intern/backend/src/server.ts has been modified
(node:51137) [MONGOOSE] Warning: Duplicate schema index on {"email":1} found. This is often due to declaring an index using both "index: true" and "schema.index()". Please remove the duplicate index definition.
(Use `node --trace-warnings ...` to show where the warning was created)
(node:51137) [MONGOOSE] Warning: Duplicate schema index on {"role":1} found. This is often due to declaring an index using both "index: true" and "schema.index()". Please remove the duplicate index definition.
(node:51137) [MONGOOSE] Warning: Duplicate schema index on {"userId":1} found. This is often due to declaring an index using both "index: true" and "schema.index()". Please remove the duplicate index definition.
2025-12-15 00:58:25 [[31merror[39m]: ❌ Port 5001 is already in use. Please run: npm run kill-port {"service":"healthlife-backend"}
error: ❌ Port 5001 is already in use. Please run: npm run kill-port {"service":"healthlife-backend","timestamp":"2025-12-15 00:58:25"}
2025-12-15 00:58:25 [[31merror[39m]:    Or manually kill the process: lsof -ti:5001 | xargs kill -9 {"service":"healthlife-backend"}
error:    Or manually kill the process: lsof -ti:5001 | xargs kill -9 {"service":"healthlife-backend","timestamp":"2025-12-15 00:58:25"}
[INFO] 00:59:09 Restarting: /Users/palash/Development/intern/backend/src/server.ts has been modified
(node:51540) [MONGOOSE] Warning: Duplicate schema index on {"email":1} found. This is often due to declaring an index using both "index: true" and "schema.index()". Please remove the duplicate index definition.
(Use `node --trace-warnings ...` to show where the warning was created)
(node:51540) [MONGOOSE] Warning: Duplicate schema index on {"role":1} found. This is often due to declaring an index using both "index: true" and "schema.index()". Please remove the duplicate index definition.
(node:51540) [MONGOOSE] Warning: Duplicate schema index on {"userId":1} found. This is often due to declaring an index using both "index: true" and "schema.index()". Please remove the duplicate index definition.
2025-12-15 00:59:11 [[32minfo[39m]: 🚀 Server running on port 5001 {"service":"healthlife-backend"}
info: 🚀 Server running on port 5001 {"service":"healthlife-backend","timestamp":"2025-12-15 00:59:11"}
2025-12-15 00:59:11 [[32minfo[39m]: 📡 Environment: development {"service":"healthlife-backend"}
info: 📡 Environment: development {"service":"healthlife-backend","timestamp":"2025-12-15 00:59:11"}
(node:51540) NOTE: The AWS SDK for JavaScript (v2) is in maintenance mode.
 SDK releases are limited to address critical bug fixes and security issues only.

Please migrate your code to use AWS SDK for JavaScript (v3).
For more information, check the blog post at https://a.co/cUPnyil
2025-12-15 00:59:11 [[32minfo[39m]: ✅ MongoDB connected successfully {"service":"healthlife-backend"}
info: ✅ MongoDB connected successfully {"service":"healthlife-backend","timestamp":"2025-12-15 00:59:11"}
2025-12-15 00:59:11 [[32minfo[39m]: ✅ PostgreSQL connected successfully {"service":"healthlife-backend"}
info: ✅ PostgreSQL connected successfully {"service":"healthlife-backend","timestamp":"2025-12-15 00:59:11"}
2025-12-15 01:02:43 [[32minfo[39m]: ::1 - - [14/Dec/2025:19:02:43 +0000] "GET /api/doctors/profile HTTP/1.1" 304 - "http://localhost:3000/" "Mozilla/5.0 (Macintosh; Intel Mac OS X 10_15_7) AppleWebKit/605.1.15 (KHTML, like Gecko) Version/26.1 Safari/605.1.15" {"service":"healthlife-backend"}
info: ::1 - - [14/Dec/2025:19:02:43 +0000] "GET /api/doctors/profile HTTP/1.1" 304 - "http://localhost:3000/" "Mozilla/5.0 (Macintosh; Intel Mac OS X 10_15_7) AppleWebKit/605.1.15 (KHTML, like Gecko) Version/26.1 Safari/605.1.15" {"service":"healthlife-backend","timestamp":"2025-12-15 01:02:43"}
2025-12-15 01:02:43 [[32minfo[39m]: ::1 - - [14/Dec/2025:19:02:43 +0000] "GET /uploads/doctor-profiles/1765719184611-pc3oq.png HTTP/1.1" 304 - "http://localhost:3000/" "Mozilla/5.0 (Macintosh; Intel Mac OS X 10_15_7) AppleWebKit/605.1.15 (KHTML, like Gecko) Version/26.1 Safari/605.1.15" {"service":"healthlife-backend"}
info: ::1 - - [14/Dec/2025:19:02:43 +0000] "GET /uploads/doctor-profiles/1765719184611-pc3oq.png HTTP/1.1" 304 - "http://localhost:3000/" "Mozilla/5.0 (Macintosh; Intel Mac OS X 10_15_7) AppleWebKit/605.1.15 (KHTML, like Gecko) Version/26.1 Safari/605.1.15" {"service":"healthlife-backend","timestamp":"2025-12-15 01:02:43"}
2025-12-15 01:02:45 [[32minfo[39m]: ::1 - - [14/Dec/2025:19:02:45 +0000] "GET /api/public/doctors/search? HTTP/1.1" 304 - "http://localhost:3000/" "Mozilla/5.0 (Macintosh; Intel Mac OS X 10_15_7) AppleWebKit/605.1.15 (KHTML, like Gecko) Version/26.1 Safari/605.1.15" {"service":"healthlife-backend"}
info: ::1 - - [14/Dec/2025:19:02:45 +0000] "GET /api/public/doctors/search? HTTP/1.1" 304 - "http://localhost:3000/" "Mozilla/5.0 (Macintosh; Intel Mac OS X 10_15_7) AppleWebKit/605.1.15 (KHTML, like Gecko) Version/26.1 Safari/605.1.15" {"service":"healthlife-backend","timestamp":"2025-12-15 01:02:45"}
2025-12-15 01:02:46 [[32minfo[39m]: ::1 - - [14/Dec/2025:19:02:46 +0000] "GET /api/public/medicines/search? HTTP/1.1" 304 - "http://localhost:3000/" "Mozilla/5.0 (Macintosh; Intel Mac OS X 10_15_7) AppleWebKit/605.1.15 (KHTML, like Gecko) Version/26.1 Safari/605.1.15" {"service":"healthlife-backend"}
info: ::1 - - [14/Dec/2025:19:02:46 +0000] "GET /api/public/medicines/search? HTTP/1.1" 304 - "http://localhost:3000/" "Mozilla/5.0 (Macintosh; Intel Mac OS X 10_15_7) AppleWebKit/605.1.15 (KHTML, like Gecko) Version/26.1 Safari/605.1.15" {"service":"healthlife-backend","timestamp":"2025-12-15 01:02:46"}
2025-12-15 01:03:52 [[31merror[39m]: [object Object] {"service":"healthlife-backend"}
error: [object Object] {"service":"healthlife-backend","timestamp":"2025-12-15 01:03:52"}
2025-12-15 01:03:52 [[32minfo[39m]: ::1 - - [14/Dec/2025:19:03:52 +0000] "GET /api/public/medicines/search? HTTP/1.1" 500 892 "http://localhost:3000/" "Mozilla/5.0 (Macintosh; Intel Mac OS X 10_15_7) AppleWebKit/605.1.15 (KHTML, like Gecko) Version/26.1 Safari/605.1.15" {"service":"healthlife-backend"}
info: ::1 - - [14/Dec/2025:19:03:52 +0000] "GET /api/public/medicines/search? HTTP/1.1" 500 892 "http://localhost:3000/" "Mozilla/5.0 (Macintosh; Intel Mac OS X 10_15_7) AppleWebKit/605.1.15 (KHTML, like Gecko) Version/26.1 Safari/605.1.15" {"service":"healthlife-backend","timestamp":"2025-12-15 01:03:52"}
2025-12-15 01:03:55 [[32minfo[39m]: ::1 - - [14/Dec/2025:19:03:55 +0000] "GET /api/public/doctors/search? HTTP/1.1" 200 173 "http://localhost:3000/" "Mozilla/5.0 (Macintosh; Intel Mac OS X 10_15_7) AppleWebKit/605.1.15 (KHTML, like Gecko) Version/26.1 Safari/605.1.15" {"service":"healthlife-backend"}
info: ::1 - - [14/Dec/2025:19:03:55 +0000] "GET /api/public/doctors/search? HTTP/1.1" 200 173 "http://localhost:3000/" "Mozilla/5.0 (Macintosh; Intel Mac OS X 10_15_7) AppleWebKit/605.1.15 (KHTML, like Gecko) Version/26.1 Safari/605.1.15" {"service":"healthlife-backend","timestamp":"2025-12-15 01:03:55"}
2025-12-15 01:04:06 [[32minfo[39m]: ::1 - - [14/Dec/2025:19:04:06 +0000] "GET /api/public/doctors/search? HTTP/1.1" 304 - "http://localhost:3000/" "Mozilla/5.0 (Macintosh; Intel Mac OS X 10_15_7) AppleWebKit/605.1.15 (KHTML, like Gecko) Version/26.1 Safari/605.1.15" {"service":"healthlife-backend"}
info: ::1 - - [14/Dec/2025:19:04:06 +0000] "GET /api/public/doctors/search? HTTP/1.1" 304 - "http://localhost:3000/" "Mozilla/5.0 (Macintosh; Intel Mac OS X 10_15_7) AppleWebKit/605.1.15 (KHTML, like Gecko) Version/26.1 Safari/605.1.15" {"service":"healthlife-backend","timestamp":"2025-12-15 01:04:06"}
2025-12-15 01:04:06 [[32minfo[39m]: ::1 - - [14/Dec/2025:19:04:06 +0000] "GET /api/public/doctors/search? HTTP/1.1" 304 - "http://localhost:3000/" "Mozilla/5.0 (Macintosh; Intel Mac OS X 10_15_7) AppleWebKit/605.1.15 (KHTML, like Gecko) Version/26.1 Safari/605.1.15" {"service":"healthlife-backend"}
info: ::1 - - [14/Dec/2025:19:04:06 +0000] "GET /api/public/doctors/search? HTTP/1.1" 304 - "http://localhost:3000/" "Mozilla/5.0 (Macintosh; Intel Mac OS X 10_15_7) AppleWebKit/605.1.15 (KHTML, like Gecko) Version/26.1 Safari/605.1.15" {"service":"healthlife-backend","timestamp":"2025-12-15 01:04:06"}
2025-12-15 01:04:41 [[32minfo[39m]: ::1 - - [14/Dec/2025:19:04:41 +0000] "GET /uploads/doctor-profiles/1765719184611-pc3oq.png HTTP/1.1" 304 - "http://localhost:3000/" "Mozilla/5.0 (Macintosh; Intel Mac OS X 10_15_7) AppleWebKit/605.1.15 (KHTML, like Gecko) Version/26.1 Safari/605.1.15" {"service":"healthlife-backend"}
info: ::1 - - [14/Dec/2025:19:04:41 +0000] "GET /uploads/doctor-profiles/1765719184611-pc3oq.png HTTP/1.1" 304 - "http://localhost:3000/" "Mozilla/5.0 (Macintosh; Intel Mac OS X 10_15_7) AppleWebKit/605.1.15 (KHTML, like Gecko) Version/26.1 Safari/605.1.15" {"service":"healthlife-backend","timestamp":"2025-12-15 01:04:41"}
[INFO] 13:56:23 Restarting: /Users/palash/Development/intern/backend/src/controllers/patient.controller.ts has been modified
(node:85634) [MONGOOSE] Warning: Duplicate schema index on {"email":1} found. This is often due to declaring an index using both "index: true" and "schema.index()". Please remove the duplicate index definition.
(Use `node --trace-warnings ...` to show where the warning was created)
(node:85634) [MONGOOSE] Warning: Duplicate schema index on {"role":1} found. This is often due to declaring an index using both "index: true" and "schema.index()". Please remove the duplicate index definition.
(node:85634) [MONGOOSE] Warning: Duplicate schema index on {"userId":1} found. This is often due to declaring an index using both "index: true" and "schema.index()". Please remove the duplicate index definition.
2025-12-15 13:56:25 [[32minfo[39m]: 🚀 Server running on port 5001 {"service":"healthlife-backend"}
info: 🚀 Server running on port 5001 {"service":"healthlife-backend","timestamp":"2025-12-15 13:56:25"}
2025-12-15 13:56:25 [[32minfo[39m]: 📡 Environment: development {"service":"healthlife-backend"}
info: 📡 Environment: development {"service":"healthlife-backend","timestamp":"2025-12-15 13:56:25"}
(node:85634) NOTE: The AWS SDK for JavaScript (v2) is in maintenance mode.
 SDK releases are limited to address critical bug fixes and security issues only.

Please migrate your code to use AWS SDK for JavaScript (v3).
For more information, check the blog post at https://a.co/cUPnyil
2025-12-15 13:56:25 [[32minfo[39m]: ✅ MongoDB connected successfully {"service":"healthlife-backend"}
info: ✅ MongoDB connected successfully {"service":"healthlife-backend","timestamp":"2025-12-15 13:56:25"}
2025-12-15 13:56:25 [[32minfo[39m]: ✅ PostgreSQL connected successfully {"service":"healthlife-backend"}
info: ✅ PostgreSQL connected successfully {"service":"healthlife-backend","timestamp":"2025-12-15 13:56:25"}
[INFO] 13:56:27 Restarting: /Users/palash/Development/intern/backend/src/routes/patient.routes.ts has been modified
(node:85682) [MONGOOSE] Warning: Duplicate schema index on {"email":1} found. This is often due to declaring an index using both "index: true" and "schema.index()". Please remove the duplicate index definition.
(Use `node --trace-warnings ...` to show where the warning was created)
(node:85682) [MONGOOSE] Warning: Duplicate schema index on {"role":1} found. This is often due to declaring an index using both "index: true" and "schema.index()". Please remove the duplicate index definition.
(node:85682) [MONGOOSE] Warning: Duplicate schema index on {"userId":1} found. This is often due to declaring an index using both "index: true" and "schema.index()". Please remove the duplicate index definition.
2025-12-15 13:56:28 [[31merror[39m]: ❌ Port 5001 is already in use. Please run: npm run kill-port {"service":"healthlife-backend"}
error: ❌ Port 5001 is already in use. Please run: npm run kill-port {"service":"healthlife-backend","timestamp":"2025-12-15 13:56:28"}
2025-12-15 13:56:28 [[31merror[39m]:    Or manually kill the process: lsof -ti:5001 | xargs kill -9 {"service":"healthlife-backend"}
error:    Or manually kill the process: lsof -ti:5001 | xargs kill -9 {"service":"healthlife-backend","timestamp":"2025-12-15 13:56:28"}
[INFO] 13:56:29 Restarting: /Users/palash/Development/intern/backend/src/routes/patient.routes.ts has been modified
(node:85710) [MONGOOSE] Warning: Duplicate schema index on {"email":1} found. This is often due to declaring an index using both "index: true" and "schema.index()". Please remove the duplicate index definition.
(Use `node --trace-warnings ...` to show where the warning was created)
(node:85710) [MONGOOSE] Warning: Duplicate schema index on {"role":1} found. This is often due to declaring an index using both "index: true" and "schema.index()". Please remove the duplicate index definition.
(node:85710) [MONGOOSE] Warning: Duplicate schema index on {"userId":1} found. This is often due to declaring an index using both "index: true" and "schema.index()". Please remove the duplicate index definition.
2025-12-15 13:56:30 [[31merror[39m]: ❌ Port 5001 is already in use. Please run: npm run kill-port {"service":"healthlife-backend"}
error: ❌ Port 5001 is already in use. Please run: npm run kill-port {"service":"healthlife-backend","timestamp":"2025-12-15 13:56:30"}
2025-12-15 13:56:30 [[31merror[39m]:    Or manually kill the process: lsof -ti:5001 | xargs kill -9 {"service":"healthlife-backend"}
error:    Or manually kill the process: lsof -ti:5001 | xargs kill -9 {"service":"healthlife-backend","timestamp":"2025-12-15 13:56:30"}
[INFO] 13:57:08 Restarting: /Users/palash/Development/intern/backend/src/controllers/patient.controller.ts has been modified
(node:86072) [MONGOOSE] Warning: Duplicate schema index on {"email":1} found. This is often due to declaring an index using both "index: true" and "schema.index()". Please remove the duplicate index definition.
(Use `node --trace-warnings ...` to show where the warning was created)
(node:86072) [MONGOOSE] Warning: Duplicate schema index on {"role":1} found. This is often due to declaring an index using both "index: true" and "schema.index()". Please remove the duplicate index definition.
(node:86072) [MONGOOSE] Warning: Duplicate schema index on {"userId":1} found. This is often due to declaring an index using both "index: true" and "schema.index()". Please remove the duplicate index definition.
2025-12-15 13:57:10 [[32minfo[39m]: 🚀 Server running on port 5001 {"service":"healthlife-backend"}
info: 🚀 Server running on port 5001 {"service":"healthlife-backend","timestamp":"2025-12-15 13:57:10"}
2025-12-15 13:57:10 [[32minfo[39m]: 📡 Environment: development {"service":"healthlife-backend"}
info: 📡 Environment: development {"service":"healthlife-backend","timestamp":"2025-12-15 13:57:10"}
(node:86072) NOTE: The AWS SDK for JavaScript (v2) is in maintenance mode.
 SDK releases are limited to address critical bug fixes and security issues only.

Please migrate your code to use AWS SDK for JavaScript (v3).
For more information, check the blog post at https://a.co/cUPnyil
2025-12-15 13:57:10 [[32minfo[39m]: ✅ MongoDB connected successfully {"service":"healthlife-backend"}
info: ✅ MongoDB connected successfully {"service":"healthlife-backend","timestamp":"2025-12-15 13:57:10"}
2025-12-15 13:57:10 [[32minfo[39m]: ✅ PostgreSQL connected successfully {"service":"healthlife-backend"}
info: ✅ PostgreSQL connected successfully {"service":"healthlife-backend","timestamp":"2025-12-15 13:57:10"}
[INFO] 13:57:23 Restarting: /Users/palash/Development/intern/backend/src/controllers/patient.controller.ts has been modified
(node:86222) [MONGOOSE] Warning: Duplicate schema index on {"email":1} found. This is often due to declaring an index using both "index: true" and "schema.index()". Please remove the duplicate index definition.
(Use `node --trace-warnings ...` to show where the warning was created)
(node:86222) [MONGOOSE] Warning: Duplicate schema index on {"role":1} found. This is often due to declaring an index using both "index: true" and "schema.index()". Please remove the duplicate index definition.
(node:86222) [MONGOOSE] Warning: Duplicate schema index on {"userId":1} found. This is often due to declaring an index using both "index: true" and "schema.index()". Please remove the duplicate index definition.
2025-12-15 13:57:26 [[31merror[39m]: ❌ Port 5001 is already in use. Please run: npm run kill-port {"service":"healthlife-backend"}
error: ❌ Port 5001 is already in use. Please run: npm run kill-port {"service":"healthlife-backend","timestamp":"2025-12-15 13:57:26"}
2025-12-15 13:57:26 [[31merror[39m]:    Or manually kill the process: lsof -ti:5001 | xargs kill -9 {"service":"healthlife-backend"}
error:    Or manually kill the process: lsof -ti:5001 | xargs kill -9 {"service":"healthlife-backend","timestamp":"2025-12-15 13:57:26"}
[INFO] 14:03:11 Restarting: /Users/palash/Development/intern/backend/src/controllers/patient.controller.ts has been modified
(node:89223) [MONGOOSE] Warning: Duplicate schema index on {"email":1} found. This is often due to declaring an index using both "index: true" and "schema.index()". Please remove the duplicate index definition.
(Use `node --trace-warnings ...` to show where the warning was created)
(node:89223) [MONGOOSE] Warning: Duplicate schema index on {"role":1} found. This is often due to declaring an index using both "index: true" and "schema.index()". Please remove the duplicate index definition.
(node:89223) [MONGOOSE] Warning: Duplicate schema index on {"userId":1} found. This is often due to declaring an index using both "index: true" and "schema.index()". Please remove the duplicate index definition.
2025-12-15 14:03:12 [[31merror[39m]: ❌ Port 5001 is already in use. Please run: npm run kill-port {"service":"healthlife-backend"}
error: ❌ Port 5001 is already in use. Please run: npm run kill-port {"service":"healthlife-backend","timestamp":"2025-12-15 14:03:12"}
2025-12-15 14:03:12 [[31merror[39m]:    Or manually kill the process: lsof -ti:5001 | xargs kill -9 {"service":"healthlife-backend"}
error:    Or manually kill the process: lsof -ti:5001 | xargs kill -9 {"service":"healthlife-backend","timestamp":"2025-12-15 14:03:12"}
[INFO] 14:03:46 Restarting: /Users/palash/Development/intern/backend/src/controllers/patient.controller.ts has been modified
(node:89539) [MONGOOSE] Warning: Duplicate schema index on {"email":1} found. This is often due to declaring an index using both "index: true" and "schema.index()". Please remove the duplicate index definition.
(Use `node --trace-warnings ...` to show where the warning was created)
(node:89539) [MONGOOSE] Warning: Duplicate schema index on {"role":1} found. This is often due to declaring an index using both "index: true" and "schema.index()". Please remove the duplicate index definition.
(node:89539) [MONGOOSE] Warning: Duplicate schema index on {"userId":1} found. This is often due to declaring an index using both "index: true" and "schema.index()". Please remove the duplicate index definition.
2025-12-15 14:03:48 [[31merror[39m]: ❌ Port 5001 is already in use. Please run: npm run kill-port {"service":"healthlife-backend"}
error: ❌ Port 5001 is already in use. Please run: npm run kill-port {"service":"healthlife-backend","timestamp":"2025-12-15 14:03:48"}
2025-12-15 14:03:48 [[31merror[39m]:    Or manually kill the process: lsof -ti:5001 | xargs kill -9 {"service":"healthlife-backend"}
error:    Or manually kill the process: lsof -ti:5001 | xargs kill -9 {"service":"healthlife-backend","timestamp":"2025-12-15 14:03:48"}
[INFO] 14:03:48 Restarting: /Users/palash/Development/intern/backend/src/controllers/patient.controller.ts has been modified
(node:89564) [MONGOOSE] Warning: Duplicate schema index on {"email":1} found. This is often due to declaring an index using both "index: true" and "schema.index()". Please remove the duplicate index definition.
(Use `node --trace-warnings ...` to show where the warning was created)
(node:89564) [MONGOOSE] Warning: Duplicate schema index on {"role":1} found. This is often due to declaring an index using both "index: true" and "schema.index()". Please remove the duplicate index definition.
(node:89564) [MONGOOSE] Warning: Duplicate schema index on {"userId":1} found. This is often due to declaring an index using both "index: true" and "schema.index()". Please remove the duplicate index definition.
2025-12-15 14:03:51 [[32minfo[39m]: 🚀 Server running on port 5001 {"service":"healthlife-backend"}
info: 🚀 Server running on port 5001 {"service":"healthlife-backend","timestamp":"2025-12-15 14:03:51"}
2025-12-15 14:03:51 [[32minfo[39m]: 📡 Environment: development {"service":"healthlife-backend"}
info: 📡 Environment: development {"service":"healthlife-backend","timestamp":"2025-12-15 14:03:51"}
(node:89564) NOTE: The AWS SDK for JavaScript (v2) is in maintenance mode.
 SDK releases are limited to address critical bug fixes and security issues only.

Please migrate your code to use AWS SDK for JavaScript (v3).
For more information, check the blog post at https://a.co/cUPnyil
2025-12-15 14:03:51 [[32minfo[39m]: ✅ MongoDB connected successfully {"service":"healthlife-backend"}
info: ✅ MongoDB connected successfully {"service":"healthlife-backend","timestamp":"2025-12-15 14:03:51"}
2025-12-15 14:03:51 [[32minfo[39m]: ✅ PostgreSQL connected successfully {"service":"healthlife-backend"}
info: ✅ PostgreSQL connected successfully {"service":"healthlife-backend","timestamp":"2025-12-15 14:03:51"}
[INFO] 14:04:02 Restarting: /Users/palash/Development/intern/backend/src/controllers/patient.controller.ts has been modified
(node:89703) [MONGOOSE] Warning: Duplicate schema index on {"email":1} found. This is often due to declaring an index using both "index: true" and "schema.index()". Please remove the duplicate index definition.
(Use `node --trace-warnings ...` to show where the warning was created)
(node:89703) [MONGOOSE] Warning: Duplicate schema index on {"role":1} found. This is often due to declaring an index using both "index: true" and "schema.index()". Please remove the duplicate index definition.
(node:89703) [MONGOOSE] Warning: Duplicate schema index on {"userId":1} found. This is often due to declaring an index using both "index: true" and "schema.index()". Please remove the duplicate index definition.
2025-12-15 14:04:04 [[32minfo[39m]: 🚀 Server running on port 5001 {"service":"healthlife-backend"}
info: 🚀 Server running on port 5001 {"service":"healthlife-backend","timestamp":"2025-12-15 14:04:04"}
2025-12-15 14:04:04 [[32minfo[39m]: 📡 Environment: development {"service":"healthlife-backend"}
info: 📡 Environment: development {"service":"healthlife-backend","timestamp":"2025-12-15 14:04:04"}
(node:89703) NOTE: The AWS SDK for JavaScript (v2) is in maintenance mode.
 SDK releases are limited to address critical bug fixes and security issues only.

Please migrate your code to use AWS SDK for JavaScript (v3).
For more information, check the blog post at https://a.co/cUPnyil
2025-12-15 14:04:04 [[32minfo[39m]: ✅ MongoDB connected successfully {"service":"healthlife-backend"}
info: ✅ MongoDB connected successfully {"service":"healthlife-backend","timestamp":"2025-12-15 14:04:04"}
2025-12-15 14:04:04 [[32minfo[39m]: ✅ PostgreSQL connected successfully {"service":"healthlife-backend"}
info: ✅ PostgreSQL connected successfully {"service":"healthlife-backend","timestamp":"2025-12-15 14:04:04"}
2025-12-15 14:04:18 [[32minfo[39m]: ::1 - - [15/Dec/2025:08:04:18 +0000] "GET /api/patients/profile HTTP/1.1" 304 - "http://localhost:3000/" "Mozilla/5.0 (Macintosh; Intel Mac OS X 10_15_7) AppleWebKit/537.36 (KHTML, like Gecko) Chrome/143.0.0.0 Safari/537.36" {"service":"healthlife-backend"}
info: ::1 - - [15/Dec/2025:08:04:18 +0000] "GET /api/patients/profile HTTP/1.1" 304 - "http://localhost:3000/" "Mozilla/5.0 (Macintosh; Intel Mac OS X 10_15_7) AppleWebKit/537.36 (KHTML, like Gecko) Chrome/143.0.0.0 Safari/537.36" {"service":"healthlife-backend","timestamp":"2025-12-15 14:04:18"}
2025-12-15 14:04:18 [[32minfo[39m]: ::1 - - [15/Dec/2025:08:04:18 +0000] "GET /api/patients/profile HTTP/1.1" 304 - "http://localhost:3000/" "Mozilla/5.0 (Macintosh; Intel Mac OS X 10_15_7) AppleWebKit/537.36 (KHTML, like Gecko) Chrome/143.0.0.0 Safari/537.36" {"service":"healthlife-backend"}
info: ::1 - - [15/Dec/2025:08:04:18 +0000] "GET /api/patients/profile HTTP/1.1" 304 - "http://localhost:3000/" "Mozilla/5.0 (Macintosh; Intel Mac OS X 10_15_7) AppleWebKit/537.36 (KHTML, like Gecko) Chrome/143.0.0.0 Safari/537.36" {"service":"healthlife-backend","timestamp":"2025-12-15 14:04:18"}
2025-12-15 14:04:18 [[32minfo[39m]: ::1 - - [15/Dec/2025:08:04:18 +0000] "GET /api/patients/ehr? HTTP/1.1" 304 - "http://localhost:3000/" "Mozilla/5.0 (Macintosh; Intel Mac OS X 10_15_7) AppleWebKit/537.36 (KHTML, like Gecko) Chrome/143.0.0.0 Safari/537.36" {"service":"healthlife-backend"}
info: ::1 - - [15/Dec/2025:08:04:18 +0000] "GET /api/patients/ehr? HTTP/1.1" 304 - "http://localhost:3000/" "Mozilla/5.0 (Macintosh; Intel Mac OS X 10_15_7) AppleWebKit/537.36 (KHTML, like Gecko) Chrome/143.0.0.0 Safari/537.36" {"service":"healthlife-backend","timestamp":"2025-12-15 14:04:18"}
2025-12-15 14:04:18 [[32minfo[39m]: ::1 - - [15/Dec/2025:08:04:18 +0000] "GET /api/patients/ehr? HTTP/1.1" 304 - "http://localhost:3000/" "Mozilla/5.0 (Macintosh; Intel Mac OS X 10_15_7) AppleWebKit/537.36 (KHTML, like Gecko) Chrome/143.0.0.0 Safari/537.36" {"service":"healthlife-backend"}
info: ::1 - - [15/Dec/2025:08:04:18 +0000] "GET /api/patients/ehr? HTTP/1.1" 304 - "http://localhost:3000/" "Mozilla/5.0 (Macintosh; Intel Mac OS X 10_15_7) AppleWebKit/537.36 (KHTML, like Gecko) Chrome/143.0.0.0 Safari/537.36" {"service":"healthlife-backend","timestamp":"2025-12-15 14:04:18"}
2025-12-15 14:04:21 [[31merror[39m]: Error in generatePrescriptionPDF: {"service":"healthlife-backend","error":"Invalid value new ObjectId('693eba5cc22c8e0f5ead86f9')","stack":"Error: Invalid value new ObjectId('693eba5cc22c8e0f5ead86f9')\n    at Object.escape (/Users/palash/Development/intern/backend/node_modules/sequelize/src/sql-string.js:67:11)\n    at PostgresQueryGenerator.escape (/Users/palash/Development/intern/backend/node_modules/sequelize/src/dialects/abstract/query-generator.js:1128:22)\n    at PostgresQueryGenerator.whereItemQuery (/Users/palash/Development/intern/backend/node_modules/sequelize/src/dialects/abstract/query-generator.js:2549:102)\n    at /Users/palash/Development/intern/backend/node_modules/sequelize/src/dialects/abstract/query-generator.js:2440:25\n    at Array.forEach (<anonymous>)\n    at PostgresQueryGenerator.whereItemsQuery (/Users/palash/Development/intern/backend/node_modules/sequelize/src/dialects/abstract/query-generator.js:2438:35)\n    at PostgresQueryGenerator.getWhereConditions (/Users/palash/Development/intern/backend/node_modules/sequelize/src/dialects/abstract/query-generator.js:2866:19)\n    at PostgresQueryGenerator.selectQuery (/Users/palash/Development/intern/backend/node_modules/sequelize/src/dialects/abstract/query-generator.js:1466:28)\n    at PostgresQueryInterface.select (/Users/palash/Development/intern/backend/node_modules/sequelize/src/dialects/abstract/query-interface.js:1002:27)\n    at Doctor.findAll (/Users/palash/Development/intern/backend/node_modules/sequelize/src/model.js:1824:47)","ehrId":"693fbc2f43563648a3aea116","userId":"693eba5cc22c8e0f5ead86f5"}
error: Error in generatePrescriptionPDF: {"ehrId":"693fbc2f43563648a3aea116","error":"Invalid value new ObjectId('693eba5cc22c8e0f5ead86f9')","service":"healthlife-backend","stack":"Error: Invalid value new ObjectId('693eba5cc22c8e0f5ead86f9')\n    at Object.escape (/Users/palash/Development/intern/backend/node_modules/sequelize/src/sql-string.js:67:11)\n    at PostgresQueryGenerator.escape (/Users/palash/Development/intern/backend/node_modules/sequelize/src/dialects/abstract/query-generator.js:1128:22)\n    at PostgresQueryGenerator.whereItemQuery (/Users/palash/Development/intern/backend/node_modules/sequelize/src/dialects/abstract/query-generator.js:2549:102)\n    at /Users/palash/Development/intern/backend/node_modules/sequelize/src/dialects/abstract/query-generator.js:2440:25\n    at Array.forEach (<anonymous>)\n    at PostgresQueryGenerator.whereItemsQuery (/Users/palash/Development/intern/backend/node_modules/sequelize/src/dialects/abstract/query-generator.js:2438:35)\n    at PostgresQueryGenerator.getWhereConditions (/Users/palash/Development/intern/backend/node_modules/sequelize/src/dialects/abstract/query-generator.js:2866:19)\n    at PostgresQueryGenerator.selectQuery (/Users/palash/Development/intern/backend/node_modules/sequelize/src/dialects/abstract/query-generator.js:1466:28)\n    at PostgresQueryInterface.select (/Users/palash/Development/intern/backend/node_modules/sequelize/src/dialects/abstract/query-interface.js:1002:27)\n    at Doctor.findAll (/Users/palash/Development/intern/backend/node_modules/sequelize/src/model.js:1824:47)","timestamp":"2025-12-15 14:04:21","userId":"693eba5cc22c8e0f5ead86f5"}
2025-12-15 14:04:21 [[31merror[39m]: [object Object] {"service":"healthlife-backend"}
error: [object Object] {"service":"healthlife-backend","timestamp":"2025-12-15 14:04:21"}
2025-12-15 14:04:21 [[32minfo[39m]: ::1 - - [15/Dec/2025:08:04:21 +0000] "POST /api/patients/prescriptions/693fbc2f43563648a3aea116/generate-pdf HTTP/1.1" 500 - "http://localhost:3000/" "Mozilla/5.0 (Macintosh; Intel Mac OS X 10_15_7) AppleWebKit/537.36 (KHTML, like Gecko) Chrome/143.0.0.0 Safari/537.36" {"service":"healthlife-backend"}
info: ::1 - - [15/Dec/2025:08:04:21 +0000] "POST /api/patients/prescriptions/693fbc2f43563648a3aea116/generate-pdf HTTP/1.1" 500 - "http://localhost:3000/" "Mozilla/5.0 (Macintosh; Intel Mac OS X 10_15_7) AppleWebKit/537.36 (KHTML, like Gecko) Chrome/143.0.0.0 Safari/537.36" {"service":"healthlife-backend","timestamp":"2025-12-15 14:04:21"}
[INFO] 14:05:19 Restarting: /Users/palash/Development/intern/backend/src/controllers/patient.controller.ts has been modified
(node:90368) [MONGOOSE] Warning: Duplicate schema index on {"email":1} found. This is often due to declaring an index using both "index: true" and "schema.index()". Please remove the duplicate index definition.
(Use `node --trace-warnings ...` to show where the warning was created)
(node:90368) [MONGOOSE] Warning: Duplicate schema index on {"role":1} found. This is often due to declaring an index using both "index: true" and "schema.index()". Please remove the duplicate index definition.
(node:90368) [MONGOOSE] Warning: Duplicate schema index on {"userId":1} found. This is often due to declaring an index using both "index: true" and "schema.index()". Please remove the duplicate index definition.
2025-12-15 14:05:20 [[31merror[39m]: ❌ Port 5001 is already in use. Please run: npm run kill-port {"service":"healthlife-backend"}
error: ❌ Port 5001 is already in use. Please run: npm run kill-port {"service":"healthlife-backend","timestamp":"2025-12-15 14:05:20"}
2025-12-15 14:05:20 [[31merror[39m]:    Or manually kill the process: lsof -ti:5001 | xargs kill -9 {"service":"healthlife-backend"}
error:    Or manually kill the process: lsof -ti:5001 | xargs kill -9 {"service":"healthlife-backend","timestamp":"2025-12-15 14:05:20"}
[INFO] 14:05:46 Restarting: /Users/palash/Development/intern/backend/src/controllers/patient.controller.ts has been modified
(node:90618) [MONGOOSE] Warning: Duplicate schema index on {"email":1} found. This is often due to declaring an index using both "index: true" and "schema.index()". Please remove the duplicate index definition.
(Use `node --trace-warnings ...` to show where the warning was created)
(node:90618) [MONGOOSE] Warning: Duplicate schema index on {"role":1} found. This is often due to declaring an index using both "index: true" and "schema.index()". Please remove the duplicate index definition.
(node:90618) [MONGOOSE] Warning: Duplicate schema index on {"userId":1} found. This is often due to declaring an index using both "index: true" and "schema.index()". Please remove the duplicate index definition.
2025-12-15 14:05:48 [[32minfo[39m]: 🚀 Server running on port 5001 {"service":"healthlife-backend"}
info: 🚀 Server running on port 5001 {"service":"healthlife-backend","timestamp":"2025-12-15 14:05:48"}
2025-12-15 14:05:48 [[32minfo[39m]: 📡 Environment: development {"service":"healthlife-backend"}
info: 📡 Environment: development {"service":"healthlife-backend","timestamp":"2025-12-15 14:05:48"}
(node:90618) NOTE: The AWS SDK for JavaScript (v2) is in maintenance mode.
 SDK releases are limited to address critical bug fixes and security issues only.

Please migrate your code to use AWS SDK for JavaScript (v3).
For more information, check the blog post at https://a.co/cUPnyil
2025-12-15 14:05:48 [[32minfo[39m]: ✅ MongoDB connected successfully {"service":"healthlife-backend"}
info: ✅ MongoDB connected successfully {"service":"healthlife-backend","timestamp":"2025-12-15 14:05:48"}
2025-12-15 14:05:48 [[32minfo[39m]: ✅ PostgreSQL connected successfully {"service":"healthlife-backend"}
info: ✅ PostgreSQL connected successfully {"service":"healthlife-backend","timestamp":"2025-12-15 14:05:48"}
[INFO] 14:05:57 Restarting: /Users/palash/Development/intern/backend/src/controllers/patient.controller.ts has been modified
(node:90726) [MONGOOSE] Warning: Duplicate schema index on {"email":1} found. This is often due to declaring an index using both "index: true" and "schema.index()". Please remove the duplicate index definition.
(Use `node --trace-warnings ...` to show where the warning was created)
(node:90726) [MONGOOSE] Warning: Duplicate schema index on {"role":1} found. This is often due to declaring an index using both "index: true" and "schema.index()". Please remove the duplicate index definition.
(node:90726) [MONGOOSE] Warning: Duplicate schema index on {"userId":1} found. This is often due to declaring an index using both "index: true" and "schema.index()". Please remove the duplicate index definition.
2025-12-15 14:05:59 [[31merror[39m]: ❌ Port 5001 is already in use. Please run: npm run kill-port {"service":"healthlife-backend"}
error: ❌ Port 5001 is already in use. Please run: npm run kill-port {"service":"healthlife-backend","timestamp":"2025-12-15 14:05:59"}
2025-12-15 14:05:59 [[31merror[39m]:    Or manually kill the process: lsof -ti:5001 | xargs kill -9 {"service":"healthlife-backend"}
error:    Or manually kill the process: lsof -ti:5001 | xargs kill -9 {"service":"healthlife-backend","timestamp":"2025-12-15 14:05:59"}
[INFO] 22:31:35 Restarting: /Users/palash/Development/intern/backend/src/controllers/lab.controller.ts has been modified
(node:32809) [MONGOOSE] Warning: Duplicate schema index on {"email":1} found. This is often due to declaring an index using both "index: true" and "schema.index()". Please remove the duplicate index definition.
(Use `node --trace-warnings ...` to show where the warning was created)
(node:32809) [MONGOOSE] Warning: Duplicate schema index on {"role":1} found. This is often due to declaring an index using both "index: true" and "schema.index()". Please remove the duplicate index definition.
(node:32809) [MONGOOSE] Warning: Duplicate schema index on {"userId":1} found. This is often due to declaring an index using both "index: true" and "schema.index()". Please remove the duplicate index definition.
2025-12-15 22:31:37 [[31merror[39m]: ❌ Port 5001 is already in use. Please run: npm run kill-port {"service":"healthlife-backend"}
error: ❌ Port 5001 is already in use. Please run: npm run kill-port {"service":"healthlife-backend","timestamp":"2025-12-15 22:31:37"}
2025-12-15 22:31:37 [[31merror[39m]:    Or manually kill the process: lsof -ti:5001 | xargs kill -9 {"service":"healthlife-backend"}
error:    Or manually kill the process: lsof -ti:5001 | xargs kill -9 {"service":"healthlife-backend","timestamp":"2025-12-15 22:31:37"}
[INFO] 22:31:59 Restarting: /Users/palash/Development/intern/backend/src/controllers/lab.controller.ts has been modified
(node:33023) [MONGOOSE] Warning: Duplicate schema index on {"email":1} found. This is often due to declaring an index using both "index: true" and "schema.index()". Please remove the duplicate index definition.
(Use `node --trace-warnings ...` to show where the warning was created)
(node:33023) [MONGOOSE] Warning: Duplicate schema index on {"role":1} found. This is often due to declaring an index using both "index: true" and "schema.index()". Please remove the duplicate index definition.
(node:33023) [MONGOOSE] Warning: Duplicate schema index on {"userId":1} found. This is often due to declaring an index using both "index: true" and "schema.index()". Please remove the duplicate index definition.
2025-12-15 22:32:00 [[31merror[39m]: ❌ Port 5001 is already in use. Please run: npm run kill-port {"service":"healthlife-backend"}
error: ❌ Port 5001 is already in use. Please run: npm run kill-port {"service":"healthlife-backend","timestamp":"2025-12-15 22:32:00"}
2025-12-15 22:32:00 [[31merror[39m]:    Or manually kill the process: lsof -ti:5001 | xargs kill -9 {"service":"healthlife-backend"}
error:    Or manually kill the process: lsof -ti:5001 | xargs kill -9 {"service":"healthlife-backend","timestamp":"2025-12-15 22:32:00"}
[INFO] 22:32:07 Restarting: /Users/palash/Development/intern/backend/src/routes/lab.routes.ts has been modified
(node:33112) [MONGOOSE] Warning: Duplicate schema index on {"email":1} found. This is often due to declaring an index using both "index: true" and "schema.index()". Please remove the duplicate index definition.
(Use `node --trace-warnings ...` to show where the warning was created)
(node:33112) [MONGOOSE] Warning: Duplicate schema index on {"role":1} found. This is often due to declaring an index using both "index: true" and "schema.index()". Please remove the duplicate index definition.
(node:33112) [MONGOOSE] Warning: Duplicate schema index on {"userId":1} found. This is often due to declaring an index using both "index: true" and "schema.index()". Please remove the duplicate index definition.
2025-12-15 22:32:08 [[32minfo[39m]: 🚀 Server running on port 5001 {"service":"healthlife-backend"}
info: 🚀 Server running on port 5001 {"service":"healthlife-backend","timestamp":"2025-12-15 22:32:08"}
2025-12-15 22:32:08 [[32minfo[39m]: 📡 Environment: development {"service":"healthlife-backend"}
info: 📡 Environment: development {"service":"healthlife-backend","timestamp":"2025-12-15 22:32:08"}
(node:33112) NOTE: The AWS SDK for JavaScript (v2) is in maintenance mode.
 SDK releases are limited to address critical bug fixes and security issues only.

Please migrate your code to use AWS SDK for JavaScript (v3).
For more information, check the blog post at https://a.co/cUPnyil
2025-12-15 22:32:08 [[32minfo[39m]: ✅ MongoDB connected successfully {"service":"healthlife-backend"}
info: ✅ MongoDB connected successfully {"service":"healthlife-backend","timestamp":"2025-12-15 22:32:08"}
2025-12-15 22:32:08 [[32minfo[39m]: ✅ PostgreSQL connected successfully {"service":"healthlife-backend"}
info: ✅ PostgreSQL connected successfully {"service":"healthlife-backend","timestamp":"2025-12-15 22:32:08"}
[INFO] 22:32:13 Restarting: /Users/palash/Development/intern/backend/src/routes/lab.routes.ts has been modified
(node:33184) [MONGOOSE] Warning: Duplicate schema index on {"email":1} found. This is often due to declaring an index using both "index: true" and "schema.index()". Please remove the duplicate index definition.
(Use `node --trace-warnings ...` to show where the warning was created)
(node:33184) [MONGOOSE] Warning: Duplicate schema index on {"role":1} found. This is often due to declaring an index using both "index: true" and "schema.index()". Please remove the duplicate index definition.
(node:33184) [MONGOOSE] Warning: Duplicate schema index on {"userId":1} found. This is often due to declaring an index using both "index: true" and "schema.index()". Please remove the duplicate index definition.
2025-12-15 22:32:15 [[32minfo[39m]: 🚀 Server running on port 5001 {"service":"healthlife-backend"}
info: 🚀 Server running on port 5001 {"service":"healthlife-backend","timestamp":"2025-12-15 22:32:15"}
2025-12-15 22:32:15 [[32minfo[39m]: 📡 Environment: development {"service":"healthlife-backend"}
info: 📡 Environment: development {"service":"healthlife-backend","timestamp":"2025-12-15 22:32:15"}
(node:33184) NOTE: The AWS SDK for JavaScript (v2) is in maintenance mode.
 SDK releases are limited to address critical bug fixes and security issues only.

Please migrate your code to use AWS SDK for JavaScript (v3).
For more information, check the blog post at https://a.co/cUPnyil
2025-12-15 22:32:15 [[32minfo[39m]: ✅ MongoDB connected successfully {"service":"healthlife-backend"}
info: ✅ MongoDB connected successfully {"service":"healthlife-backend","timestamp":"2025-12-15 22:32:15"}
2025-12-15 22:32:15 [[32minfo[39m]: ✅ PostgreSQL connected successfully {"service":"healthlife-backend"}
info: ✅ PostgreSQL connected successfully {"service":"healthlife-backend","timestamp":"2025-12-15 22:32:15"}
[INFO] 22:34:02 Restarting: /Users/palash/Development/intern/backend/src/controllers/lab.controller.ts has been modified
(node:34059) [MONGOOSE] Warning: Duplicate schema index on {"email":1} found. This is often due to declaring an index using both "index: true" and "schema.index()". Please remove the duplicate index definition.
(Use `node --trace-warnings ...` to show where the warning was created)
(node:34059) [MONGOOSE] Warning: Duplicate schema index on {"role":1} found. This is often due to declaring an index using both "index: true" and "schema.index()". Please remove the duplicate index definition.
(node:34059) [MONGOOSE] Warning: Duplicate schema index on {"userId":1} found. This is often due to declaring an index using both "index: true" and "schema.index()". Please remove the duplicate index definition.
2025-12-15 22:34:04 [[31merror[39m]: ❌ Port 5001 is already in use. Please run: npm run kill-port {"service":"healthlife-backend"}
error: ❌ Port 5001 is already in use. Please run: npm run kill-port {"service":"healthlife-backend","timestamp":"2025-12-15 22:34:04"}
2025-12-15 22:34:04 [[31merror[39m]:    Or manually kill the process: lsof -ti:5001 | xargs kill -9 {"service":"healthlife-backend"}
error:    Or manually kill the process: lsof -ti:5001 | xargs kill -9 {"service":"healthlife-backend","timestamp":"2025-12-15 22:34:04"}
[INFO] 22:34:48 Restarting: /Users/palash/Development/intern/backend/src/controllers/lab.controller.ts has been modified
(node:34456) [MONGOOSE] Warning: Duplicate schema index on {"email":1} found. This is often due to declaring an index using both "index: true" and "schema.index()". Please remove the duplicate index definition.
(Use `node --trace-warnings ...` to show where the warning was created)
(node:34456) [MONGOOSE] Warning: Duplicate schema index on {"role":1} found. This is often due to declaring an index using both "index: true" and "schema.index()". Please remove the duplicate index definition.
(node:34456) [MONGOOSE] Warning: Duplicate schema index on {"userId":1} found. This is often due to declaring an index using both "index: true" and "schema.index()". Please remove the duplicate index definition.
2025-12-15 22:34:50 [[31merror[39m]: ❌ Port 5001 is already in use. Please run: npm run kill-port {"service":"healthlife-backend"}
error: ❌ Port 5001 is already in use. Please run: npm run kill-port {"service":"healthlife-backend","timestamp":"2025-12-15 22:34:50"}
2025-12-15 22:34:50 [[31merror[39m]:    Or manually kill the process: lsof -ti:5001 | xargs kill -9 {"service":"healthlife-backend"}
error:    Or manually kill the process: lsof -ti:5001 | xargs kill -9 {"service":"healthlife-backend","timestamp":"2025-12-15 22:34:50"}
[INFO] 22:45:54 Restarting: /Users/palash/Development/intern/backend/src/controllers/auth.controller.ts has been modified
(node:40045) [MONGOOSE] Warning: Duplicate schema index on {"email":1} found. This is often due to declaring an index using both "index: true" and "schema.index()". Please remove the duplicate index definition.
(Use `node --trace-warnings ...` to show where the warning was created)
(node:40045) [MONGOOSE] Warning: Duplicate schema index on {"role":1} found. This is often due to declaring an index using both "index: true" and "schema.index()". Please remove the duplicate index definition.
(node:40045) [MONGOOSE] Warning: Duplicate schema index on {"userId":1} found. This is often due to declaring an index using both "index: true" and "schema.index()". Please remove the duplicate index definition.
2025-12-15 22:45:56 [[32minfo[39m]: 🚀 Server running on port 5001 {"service":"healthlife-backend"}
info: 🚀 Server running on port 5001 {"service":"healthlife-backend","timestamp":"2025-12-15 22:45:56"}
2025-12-15 22:45:56 [[32minfo[39m]: 📡 Environment: development {"service":"healthlife-backend"}
info: 📡 Environment: development {"service":"healthlife-backend","timestamp":"2025-12-15 22:45:56"}
(node:40045) NOTE: The AWS SDK for JavaScript (v2) is in maintenance mode.
 SDK releases are limited to address critical bug fixes and security issues only.

Please migrate your code to use AWS SDK for JavaScript (v3).
For more information, check the blog post at https://a.co/cUPnyil
2025-12-15 22:45:56 [[32minfo[39m]: ✅ MongoDB connected successfully {"service":"healthlife-backend"}
info: ✅ MongoDB connected successfully {"service":"healthlife-backend","timestamp":"2025-12-15 22:45:56"}
2025-12-15 22:45:56 [[32minfo[39m]: ✅ PostgreSQL connected successfully {"service":"healthlife-backend"}
info: ✅ PostgreSQL connected successfully {"service":"healthlife-backend","timestamp":"2025-12-15 22:45:56"}
[INFO] 22:46:34 Restarting: /Users/palash/Development/intern/backend/src/controllers/auth.controller.ts has been modified
(node:40434) [MONGOOSE] Warning: Duplicate schema index on {"email":1} found. This is often due to declaring an index using both "index: true" and "schema.index()". Please remove the duplicate index definition.
(Use `node --trace-warnings ...` to show where the warning was created)
(node:40434) [MONGOOSE] Warning: Duplicate schema index on {"role":1} found. This is often due to declaring an index using both "index: true" and "schema.index()". Please remove the duplicate index definition.
(node:40434) [MONGOOSE] Warning: Duplicate schema index on {"userId":1} found. This is often due to declaring an index using both "index: true" and "schema.index()". Please remove the duplicate index definition.
2025-12-15 22:46:37 [[31merror[39m]: ❌ Port 5001 is already in use. Please run: npm run kill-port {"service":"healthlife-backend"}
error: ❌ Port 5001 is already in use. Please run: npm run kill-port {"service":"healthlife-backend","timestamp":"2025-12-15 22:46:37"}
2025-12-15 22:46:37 [[31merror[39m]:    Or manually kill the process: lsof -ti:5001 | xargs kill -9 {"service":"healthlife-backend"}
error:    Or manually kill the process: lsof -ti:5001 | xargs kill -9 {"service":"healthlife-backend","timestamp":"2025-12-15 22:46:37"}
[INFO] 23:30:34 Restarting: /Users/palash/Development/intern/backend/src/controllers/lab.controller.ts has been modified
(node:63280) [MONGOOSE] Warning: Duplicate schema index on {"email":1} found. This is often due to declaring an index using both "index: true" and "schema.index()". Please remove the duplicate index definition.
(Use `node --trace-warnings ...` to show where the warning was created)
(node:63280) [MONGOOSE] Warning: Duplicate schema index on {"role":1} found. This is often due to declaring an index using both "index: true" and "schema.index()". Please remove the duplicate index definition.
(node:63280) [MONGOOSE] Warning: Duplicate schema index on {"userId":1} found. This is often due to declaring an index using both "index: true" and "schema.index()". Please remove the duplicate index definition.
2025-12-15 23:30:36 [[31merror[39m]: ❌ Port 5001 is already in use. Please run: npm run kill-port {"service":"healthlife-backend"}
error: ❌ Port 5001 is already in use. Please run: npm run kill-port {"service":"healthlife-backend","timestamp":"2025-12-15 23:30:36"}
2025-12-15 23:30:36 [[31merror[39m]:    Or manually kill the process: lsof -ti:5001 | xargs kill -9 {"service":"healthlife-backend"}
error:    Or manually kill the process: lsof -ti:5001 | xargs kill -9 {"service":"healthlife-backend","timestamp":"2025-12-15 23:30:36"}
[INFO] 23:32:12 Restarting: /Users/palash/Development/intern/backend/src/controllers/lab.controller.ts has been modified
(node:64084) [MONGOOSE] Warning: Duplicate schema index on {"email":1} found. This is often due to declaring an index using both "index: true" and "schema.index()". Please remove the duplicate index definition.
(Use `node --trace-warnings ...` to show where the warning was created)
(node:64084) [MONGOOSE] Warning: Duplicate schema index on {"role":1} found. This is often due to declaring an index using both "index: true" and "schema.index()". Please remove the duplicate index definition.
(node:64084) [MONGOOSE] Warning: Duplicate schema index on {"userId":1} found. This is often due to declaring an index using both "index: true" and "schema.index()". Please remove the duplicate index definition.
2025-12-15 23:32:13 [[31merror[39m]: ❌ Port 5001 is already in use. Please run: npm run kill-port {"service":"healthlife-backend"}
error: ❌ Port 5001 is already in use. Please run: npm run kill-port {"service":"healthlife-backend","timestamp":"2025-12-15 23:32:13"}
2025-12-15 23:32:13 [[31merror[39m]:    Or manually kill the process: lsof -ti:5001 | xargs kill -9 {"service":"healthlife-backend"}
error:    Or manually kill the process: lsof -ti:5001 | xargs kill -9 {"service":"healthlife-backend","timestamp":"2025-12-15 23:32:13"}
[INFO] 23:32:21 Restarting: /Users/palash/Development/intern/backend/src/controllers/lab.controller.ts has been modified
(node:64157) [MONGOOSE] Warning: Duplicate schema index on {"email":1} found. This is often due to declaring an index using both "index: true" and "schema.index()". Please remove the duplicate index definition.
(Use `node --trace-warnings ...` to show where the warning was created)
(node:64157) [MONGOOSE] Warning: Duplicate schema index on {"role":1} found. This is often due to declaring an index using both "index: true" and "schema.index()". Please remove the duplicate index definition.
(node:64157) [MONGOOSE] Warning: Duplicate schema index on {"userId":1} found. This is often due to declaring an index using both "index: true" and "schema.index()". Please remove the duplicate index definition.
2025-12-15 23:32:21 [[31merror[39m]: ❌ Port 5001 is already in use. Please run: npm run kill-port {"service":"healthlife-backend"}
error: ❌ Port 5001 is already in use. Please run: npm run kill-port {"service":"healthlife-backend","timestamp":"2025-12-15 23:32:21"}
2025-12-15 23:32:21 [[31merror[39m]:    Or manually kill the process: lsof -ti:5001 | xargs kill -9 {"service":"healthlife-backend"}
error:    Or manually kill the process: lsof -ti:5001 | xargs kill -9 {"service":"healthlife-backend","timestamp":"2025-12-15 23:32:21"}
[INFO] 23:32:35 Restarting: /Users/palash/Development/intern/backend/src/controllers/lab.controller.ts has been modified
(node:64287) [MONGOOSE] Warning: Duplicate schema index on {"email":1} found. This is often due to declaring an index using both "index: true" and "schema.index()". Please remove the duplicate index definition.
(Use `node --trace-warnings ...` to show where the warning was created)
(node:64287) [MONGOOSE] Warning: Duplicate schema index on {"role":1} found. This is often due to declaring an index using both "index: true" and "schema.index()". Please remove the duplicate index definition.
(node:64287) [MONGOOSE] Warning: Duplicate schema index on {"userId":1} found. This is often due to declaring an index using both "index: true" and "schema.index()". Please remove the duplicate index definition.
2025-12-15 23:32:37 [[31merror[39m]: ❌ Port 5001 is already in use. Please run: npm run kill-port {"service":"healthlife-backend"}
error: ❌ Port 5001 is already in use. Please run: npm run kill-port {"service":"healthlife-backend","timestamp":"2025-12-15 23:32:37"}
2025-12-15 23:32:37 [[31merror[39m]:    Or manually kill the process: lsof -ti:5001 | xargs kill -9 {"service":"healthlife-backend"}
error:    Or manually kill the process: lsof -ti:5001 | xargs kill -9 {"service":"healthlife-backend","timestamp":"2025-12-15 23:32:37"}
[INFO] 23:34:25 Restarting: /Users/palash/Development/intern/backend/src/controllers/lab.controller.ts has been modified
(node:65257) [MONGOOSE] Warning: Duplicate schema index on {"email":1} found. This is often due to declaring an index using both "index: true" and "schema.index()". Please remove the duplicate index definition.
(Use `node --trace-warnings ...` to show where the warning was created)
(node:65257) [MONGOOSE] Warning: Duplicate schema index on {"role":1} found. This is often due to declaring an index using both "index: true" and "schema.index()". Please remove the duplicate index definition.
(node:65257) [MONGOOSE] Warning: Duplicate schema index on {"userId":1} found. This is often due to declaring an index using both "index: true" and "schema.index()". Please remove the duplicate index definition.
2025-12-15 23:34:27 [[31merror[39m]: ❌ Port 5001 is already in use. Please run: npm run kill-port {"service":"healthlife-backend"}
error: ❌ Port 5001 is already in use. Please run: npm run kill-port {"service":"healthlife-backend","timestamp":"2025-12-15 23:34:27"}
2025-12-15 23:34:27 [[31merror[39m]:    Or manually kill the process: lsof -ti:5001 | xargs kill -9 {"service":"healthlife-backend"}
error:    Or manually kill the process: lsof -ti:5001 | xargs kill -9 {"service":"healthlife-backend","timestamp":"2025-12-15 23:34:27"}
[INFO] 23:34:28 Restarting: /Users/palash/Development/intern/backend/src/controllers/lab.controller.ts has been modified
(node:65285) [MONGOOSE] Warning: Duplicate schema index on {"email":1} found. This is often due to declaring an index using both "index: true" and "schema.index()". Please remove the duplicate index definition.
(Use `node --trace-warnings ...` to show where the warning was created)
(node:65285) [MONGOOSE] Warning: Duplicate schema index on {"role":1} found. This is often due to declaring an index using both "index: true" and "schema.index()". Please remove the duplicate index definition.
(node:65285) [MONGOOSE] Warning: Duplicate schema index on {"userId":1} found. This is often due to declaring an index using both "index: true" and "schema.index()". Please remove the duplicate index definition.
2025-12-15 23:34:29 [[32minfo[39m]: 🚀 Server running on port 5001 {"service":"healthlife-backend"}
info: 🚀 Server running on port 5001 {"service":"healthlife-backend","timestamp":"2025-12-15 23:34:29"}
2025-12-15 23:34:29 [[32minfo[39m]: 📡 Environment: development {"service":"healthlife-backend"}
info: 📡 Environment: development {"service":"healthlife-backend","timestamp":"2025-12-15 23:34:29"}
(node:65285) NOTE: The AWS SDK for JavaScript (v2) is in maintenance mode.
 SDK releases are limited to address critical bug fixes and security issues only.

Please migrate your code to use AWS SDK for JavaScript (v3).
For more information, check the blog post at https://a.co/cUPnyil
2025-12-15 23:34:29 [[32minfo[39m]: ✅ MongoDB connected successfully {"service":"healthlife-backend"}
info: ✅ MongoDB connected successfully {"service":"healthlife-backend","timestamp":"2025-12-15 23:34:29"}
2025-12-15 23:34:29 [[32minfo[39m]: ✅ PostgreSQL connected successfully {"service":"healthlife-backend"}
info: ✅ PostgreSQL connected successfully {"service":"healthlife-backend","timestamp":"2025-12-15 23:34:29"}
[INFO] 23:34:39 Restarting: /Users/palash/Development/intern/backend/src/controllers/lab.controller.ts has been modified
(node:65385) [MONGOOSE] Warning: Duplicate schema index on {"email":1} found. This is often due to declaring an index using both "index: true" and "schema.index()". Please remove the duplicate index definition.
(Use `node --trace-warnings ...` to show where the warning was created)
(node:65385) [MONGOOSE] Warning: Duplicate schema index on {"role":1} found. This is often due to declaring an index using both "index: true" and "schema.index()". Please remove the duplicate index definition.
(node:65385) [MONGOOSE] Warning: Duplicate schema index on {"userId":1} found. This is often due to declaring an index using both "index: true" and "schema.index()". Please remove the duplicate index definition.
2025-12-15 23:34:40 [[31merror[39m]: ❌ Port 5001 is already in use. Please run: npm run kill-port {"service":"healthlife-backend"}
error: ❌ Port 5001 is already in use. Please run: npm run kill-port {"service":"healthlife-backend","timestamp":"2025-12-15 23:34:40"}
2025-12-15 23:34:40 [[31merror[39m]:    Or manually kill the process: lsof -ti:5001 | xargs kill -9 {"service":"healthlife-backend"}
error:    Or manually kill the process: lsof -ti:5001 | xargs kill -9 {"service":"healthlife-backend","timestamp":"2025-12-15 23:34:40"}
[INFO] 23:34:59 Restarting: /Users/palash/Development/intern/backend/src/controllers/lab.controller.ts has been modified
(node:65569) [MONGOOSE] Warning: Duplicate schema index on {"email":1} found. This is often due to declaring an index using both "index: true" and "schema.index()". Please remove the duplicate index definition.
(Use `node --trace-warnings ...` to show where the warning was created)
(node:65569) [MONGOOSE] Warning: Duplicate schema index on {"role":1} found. This is often due to declaring an index using both "index: true" and "schema.index()". Please remove the duplicate index definition.
(node:65569) [MONGOOSE] Warning: Duplicate schema index on {"userId":1} found. This is often due to declaring an index using both "index: true" and "schema.index()". Please remove the duplicate index definition.
2025-12-15 23:35:00 [[32minfo[39m]: 🚀 Server running on port 5001 {"service":"healthlife-backend"}
info: 🚀 Server running on port 5001 {"service":"healthlife-backend","timestamp":"2025-12-15 23:35:00"}
2025-12-15 23:35:00 [[32minfo[39m]: 📡 Environment: development {"service":"healthlife-backend"}
info: 📡 Environment: development {"service":"healthlife-backend","timestamp":"2025-12-15 23:35:00"}
(node:65569) NOTE: The AWS SDK for JavaScript (v2) is in maintenance mode.
 SDK releases are limited to address critical bug fixes and security issues only.

Please migrate your code to use AWS SDK for JavaScript (v3).
For more information, check the blog post at https://a.co/cUPnyil
2025-12-15 23:35:00 [[32minfo[39m]: ✅ MongoDB connected successfully {"service":"healthlife-backend"}
info: ✅ MongoDB connected successfully {"service":"healthlife-backend","timestamp":"2025-12-15 23:35:00"}
2025-12-15 23:35:00 [[32minfo[39m]: ✅ PostgreSQL connected successfully {"service":"healthlife-backend"}
info: ✅ PostgreSQL connected successfully {"service":"healthlife-backend","timestamp":"2025-12-15 23:35:00"}
[INFO] 23:35:01 Restarting: /Users/palash/Development/intern/backend/src/controllers/lab.controller.ts has been modified
(node:65607) [MONGOOSE] Warning: Duplicate schema index on {"email":1} found. This is often due to declaring an index using both "index: true" and "schema.index()". Please remove the duplicate index definition.
(Use `node --trace-warnings ...` to show where the warning was created)
(node:65607) [MONGOOSE] Warning: Duplicate schema index on {"role":1} found. This is often due to declaring an index using both "index: true" and "schema.index()". Please remove the duplicate index definition.
(node:65607) [MONGOOSE] Warning: Duplicate schema index on {"userId":1} found. This is often due to declaring an index using both "index: true" and "schema.index()". Please remove the duplicate index definition.
2025-12-15 23:35:02 [[31merror[39m]: ❌ Port 5001 is already in use. Please run: npm run kill-port {"service":"healthlife-backend"}
error: ❌ Port 5001 is already in use. Please run: npm run kill-port {"service":"healthlife-backend","timestamp":"2025-12-15 23:35:02"}
2025-12-15 23:35:02 [[31merror[39m]:    Or manually kill the process: lsof -ti:5001 | xargs kill -9 {"service":"healthlife-backend"}
error:    Or manually kill the process: lsof -ti:5001 | xargs kill -9 {"service":"healthlife-backend","timestamp":"2025-12-15 23:35:02"}
[INFO] 23:35:18 Restarting: /Users/palash/Development/intern/backend/src/controllers/lab.controller.ts has been modified
(node:65756) [MONGOOSE] Warning: Duplicate schema index on {"email":1} found. This is often due to declaring an index using both "index: true" and "schema.index()". Please remove the duplicate index definition.
(Use `node --trace-warnings ...` to show where the warning was created)
(node:65756) [MONGOOSE] Warning: Duplicate schema index on {"role":1} found. This is often due to declaring an index using both "index: true" and "schema.index()". Please remove the duplicate index definition.
(node:65756) [MONGOOSE] Warning: Duplicate schema index on {"userId":1} found. This is often due to declaring an index using both "index: true" and "schema.index()". Please remove the duplicate index definition.
2025-12-15 23:35:19 [[31merror[39m]: ❌ Port 5001 is already in use. Please run: npm run kill-port {"service":"healthlife-backend"}
error: ❌ Port 5001 is already in use. Please run: npm run kill-port {"service":"healthlife-backend","timestamp":"2025-12-15 23:35:19"}
2025-12-15 23:35:19 [[31merror[39m]:    Or manually kill the process: lsof -ti:5001 | xargs kill -9 {"service":"healthlife-backend"}
error:    Or manually kill the process: lsof -ti:5001 | xargs kill -9 {"service":"healthlife-backend","timestamp":"2025-12-15 23:35:19"}
[INFO] 23:38:05 Restarting: /Users/palash/Development/intern/backend/src/controllers/lab.controller.ts has been modified
(node:67147) [MONGOOSE] Warning: Duplicate schema index on {"email":1} found. This is often due to declaring an index using both "index: true" and "schema.index()". Please remove the duplicate index definition.
(Use `node --trace-warnings ...` to show where the warning was created)
(node:67147) [MONGOOSE] Warning: Duplicate schema index on {"role":1} found. This is often due to declaring an index using both "index: true" and "schema.index()". Please remove the duplicate index definition.
(node:67147) [MONGOOSE] Warning: Duplicate schema index on {"userId":1} found. This is often due to declaring an index using both "index: true" and "schema.index()". Please remove the duplicate index definition.
2025-12-15 23:38:08 [[31merror[39m]: ❌ Port 5001 is already in use. Please run: npm run kill-port {"service":"healthlife-backend"}
error: ❌ Port 5001 is already in use. Please run: npm run kill-port {"service":"healthlife-backend","timestamp":"2025-12-15 23:38:08"}
2025-12-15 23:38:08 [[31merror[39m]:    Or manually kill the process: lsof -ti:5001 | xargs kill -9 {"service":"healthlife-backend"}
error:    Or manually kill the process: lsof -ti:5001 | xargs kill -9 {"service":"healthlife-backend","timestamp":"2025-12-15 23:38:08"}
[INFO] 23:38:09 Restarting: /Users/palash/Development/intern/backend/src/controllers/lab.controller.ts has been modified
(node:67188) [MONGOOSE] Warning: Duplicate schema index on {"email":1} found. This is often due to declaring an index using both "index: true" and "schema.index()". Please remove the duplicate index definition.
(Use `node --trace-warnings ...` to show where the warning was created)
(node:67188) [MONGOOSE] Warning: Duplicate schema index on {"role":1} found. This is often due to declaring an index using both "index: true" and "schema.index()". Please remove the duplicate index definition.
(node:67188) [MONGOOSE] Warning: Duplicate schema index on {"userId":1} found. This is often due to declaring an index using both "index: true" and "schema.index()". Please remove the duplicate index definition.
2025-12-15 23:38:10 [[32minfo[39m]: 🚀 Server running on port 5001 {"service":"healthlife-backend"}
info: 🚀 Server running on port 5001 {"service":"healthlife-backend","timestamp":"2025-12-15 23:38:10"}
2025-12-15 23:38:10 [[32minfo[39m]: 📡 Environment: development {"service":"healthlife-backend"}
info: 📡 Environment: development {"service":"healthlife-backend","timestamp":"2025-12-15 23:38:10"}
(node:67188) NOTE: The AWS SDK for JavaScript (v2) is in maintenance mode.
 SDK releases are limited to address critical bug fixes and security issues only.

Please migrate your code to use AWS SDK for JavaScript (v3).
For more information, check the blog post at https://a.co/cUPnyil
2025-12-15 23:38:10 [[32minfo[39m]: ✅ MongoDB connected successfully {"service":"healthlife-backend"}
info: ✅ MongoDB connected successfully {"service":"healthlife-backend","timestamp":"2025-12-15 23:38:10"}
2025-12-15 23:38:10 [[32minfo[39m]: ✅ PostgreSQL connected successfully {"service":"healthlife-backend"}
info: ✅ PostgreSQL connected successfully {"service":"healthlife-backend","timestamp":"2025-12-15 23:38:10"}
[INFO] 23:38:17 Restarting: /Users/palash/Development/intern/backend/src/controllers/lab.controller.ts has been modified
(node:67270) [MONGOOSE] Warning: Duplicate schema index on {"email":1} found. This is often due to declaring an index using both "index: true" and "schema.index()". Please remove the duplicate index definition.
(Use `node --trace-warnings ...` to show where the warning was created)
(node:67270) [MONGOOSE] Warning: Duplicate schema index on {"role":1} found. This is often due to declaring an index using both "index: true" and "schema.index()". Please remove the duplicate index definition.
(node:67270) [MONGOOSE] Warning: Duplicate schema index on {"userId":1} found. This is often due to declaring an index using both "index: true" and "schema.index()". Please remove the duplicate index definition.
2025-12-15 23:38:18 [[32minfo[39m]: 🚀 Server running on port 5001 {"service":"healthlife-backend"}
info: 🚀 Server running on port 5001 {"service":"healthlife-backend","timestamp":"2025-12-15 23:38:18"}
2025-12-15 23:38:18 [[32minfo[39m]: 📡 Environment: development {"service":"healthlife-backend"}
info: 📡 Environment: development {"service":"healthlife-backend","timestamp":"2025-12-15 23:38:18"}
(node:67270) NOTE: The AWS SDK for JavaScript (v2) is in maintenance mode.
 SDK releases are limited to address critical bug fixes and security issues only.

Please migrate your code to use AWS SDK for JavaScript (v3).
For more information, check the blog post at https://a.co/cUPnyil
2025-12-15 23:38:18 [[32minfo[39m]: ✅ MongoDB connected successfully {"service":"healthlife-backend"}
info: ✅ MongoDB connected successfully {"service":"healthlife-backend","timestamp":"2025-12-15 23:38:18"}
2025-12-15 23:38:18 [[32minfo[39m]: ✅ PostgreSQL connected successfully {"service":"healthlife-backend"}
info: ✅ PostgreSQL connected successfully {"service":"healthlife-backend","timestamp":"2025-12-15 23:38:18"}
[INFO] 23:38:34 Restarting: /Users/palash/Development/intern/backend/src/controllers/lab.controller.ts has been modified
(node:67438) [MONGOOSE] Warning: Duplicate schema index on {"email":1} found. This is often due to declaring an index using both "index: true" and "schema.index()". Please remove the duplicate index definition.
(Use `node --trace-warnings ...` to show where the warning was created)
(node:67438) [MONGOOSE] Warning: Duplicate schema index on {"role":1} found. This is often due to declaring an index using both "index: true" and "schema.index()". Please remove the duplicate index definition.
(node:67438) [MONGOOSE] Warning: Duplicate schema index on {"userId":1} found. This is often due to declaring an index using both "index: true" and "schema.index()". Please remove the duplicate index definition.
2025-12-15 23:38:37 [[31merror[39m]: ❌ Port 5001 is already in use. Please run: npm run kill-port {"service":"healthlife-backend"}
error: ❌ Port 5001 is already in use. Please run: npm run kill-port {"service":"healthlife-backend","timestamp":"2025-12-15 23:38:37"}
2025-12-15 23:38:37 [[31merror[39m]:    Or manually kill the process: lsof -ti:5001 | xargs kill -9 {"service":"healthlife-backend"}
error:    Or manually kill the process: lsof -ti:5001 | xargs kill -9 {"service":"healthlife-backend","timestamp":"2025-12-15 23:38:37"}
[INFO] 23:40:26 Restarting: /Users/palash/Development/intern/backend/src/controllers/lab.controller.ts has been modified
(node:68402) [MONGOOSE] Warning: Duplicate schema index on {"email":1} found. This is often due to declaring an index using both "index: true" and "schema.index()". Please remove the duplicate index definition.
(Use `node --trace-warnings ...` to show where the warning was created)
(node:68402) [MONGOOSE] Warning: Duplicate schema index on {"role":1} found. This is often due to declaring an index using both "index: true" and "schema.index()". Please remove the duplicate index definition.
(node:68402) [MONGOOSE] Warning: Duplicate schema index on {"userId":1} found. This is often due to declaring an index using both "index: true" and "schema.index()". Please remove the duplicate index definition.
2025-12-15 23:40:27 [[31merror[39m]: ❌ Port 5001 is already in use. Please run: npm run kill-port {"service":"healthlife-backend"}
error: ❌ Port 5001 is already in use. Please run: npm run kill-port {"service":"healthlife-backend","timestamp":"2025-12-15 23:40:27"}
2025-12-15 23:40:27 [[31merror[39m]:    Or manually kill the process: lsof -ti:5001 | xargs kill -9 {"service":"healthlife-backend"}
error:    Or manually kill the process: lsof -ti:5001 | xargs kill -9 {"service":"healthlife-backend","timestamp":"2025-12-15 23:40:27"}
[INFO] 23:40:29 Restarting: /Users/palash/Development/intern/backend/src/controllers/lab.controller.ts has been modified
(node:68430) [MONGOOSE] Warning: Duplicate schema index on {"email":1} found. This is often due to declaring an index using both "index: true" and "schema.index()". Please remove the duplicate index definition.
(Use `node --trace-warnings ...` to show where the warning was created)
(node:68430) [MONGOOSE] Warning: Duplicate schema index on {"role":1} found. This is often due to declaring an index using both "index: true" and "schema.index()". Please remove the duplicate index definition.
(node:68430) [MONGOOSE] Warning: Duplicate schema index on {"userId":1} found. This is often due to declaring an index using both "index: true" and "schema.index()". Please remove the duplicate index definition.
2025-12-15 23:40:30 [[31merror[39m]: ❌ Port 5001 is already in use. Please run: npm run kill-port {"service":"healthlife-backend"}
error: ❌ Port 5001 is already in use. Please run: npm run kill-port {"service":"healthlife-backend","timestamp":"2025-12-15 23:40:30"}
2025-12-15 23:40:30 [[31merror[39m]:    Or manually kill the process: lsof -ti:5001 | xargs kill -9 {"service":"healthlife-backend"}
error:    Or manually kill the process: lsof -ti:5001 | xargs kill -9 {"service":"healthlife-backend","timestamp":"2025-12-15 23:40:30"}
[INFO] 23:40:32 Restarting: /Users/palash/Development/intern/backend/src/controllers/lab.controller.ts has been modified
(node:68471) [MONGOOSE] Warning: Duplicate schema index on {"email":1} found. This is often due to declaring an index using both "index: true" and "schema.index()". Please remove the duplicate index definition.
(Use `node --trace-warnings ...` to show where the warning was created)
(node:68471) [MONGOOSE] Warning: Duplicate schema index on {"role":1} found. This is often due to declaring an index using both "index: true" and "schema.index()". Please remove the duplicate index definition.
(node:68471) [MONGOOSE] Warning: Duplicate schema index on {"userId":1} found. This is often due to declaring an index using both "index: true" and "schema.index()". Please remove the duplicate index definition.
2025-12-15 23:40:34 [[32minfo[39m]: 🚀 Server running on port 5001 {"service":"healthlife-backend"}
info: 🚀 Server running on port 5001 {"service":"healthlife-backend","timestamp":"2025-12-15 23:40:34"}
2025-12-15 23:40:34 [[32minfo[39m]: 📡 Environment: development {"service":"healthlife-backend"}
info: 📡 Environment: development {"service":"healthlife-backend","timestamp":"2025-12-15 23:40:34"}
(node:68471) NOTE: The AWS SDK for JavaScript (v2) is in maintenance mode.
 SDK releases are limited to address critical bug fixes and security issues only.

Please migrate your code to use AWS SDK for JavaScript (v3).
For more information, check the blog post at https://a.co/cUPnyil
2025-12-15 23:40:34 [[32minfo[39m]: ✅ MongoDB connected successfully {"service":"healthlife-backend"}
info: ✅ MongoDB connected successfully {"service":"healthlife-backend","timestamp":"2025-12-15 23:40:34"}
2025-12-15 23:40:34 [[32minfo[39m]: ✅ PostgreSQL connected successfully {"service":"healthlife-backend"}
info: ✅ PostgreSQL connected successfully {"service":"healthlife-backend","timestamp":"2025-12-15 23:40:34"}
[INFO] 23:40:46 Restarting: /Users/palash/Development/intern/backend/src/controllers/lab.controller.ts has been modified
(node:68601) [MONGOOSE] Warning: Duplicate schema index on {"email":1} found. This is often due to declaring an index using both "index: true" and "schema.index()". Please remove the duplicate index definition.
(Use `node --trace-warnings ...` to show where the warning was created)
(node:68601) [MONGOOSE] Warning: Duplicate schema index on {"role":1} found. This is often due to declaring an index using both "index: true" and "schema.index()". Please remove the duplicate index definition.
(node:68601) [MONGOOSE] Warning: Duplicate schema index on {"userId":1} found. This is often due to declaring an index using both "index: true" and "schema.index()". Please remove the duplicate index definition.
2025-12-15 23:40:47 [[31merror[39m]: ❌ Port 5001 is already in use. Please run: npm run kill-port {"service":"healthlife-backend"}
error: ❌ Port 5001 is already in use. Please run: npm run kill-port {"service":"healthlife-backend","timestamp":"2025-12-15 23:40:47"}
2025-12-15 23:40:47 [[31merror[39m]:    Or manually kill the process: lsof -ti:5001 | xargs kill -9 {"service":"healthlife-backend"}
error:    Or manually kill the process: lsof -ti:5001 | xargs kill -9 {"service":"healthlife-backend","timestamp":"2025-12-15 23:40:47"}
[INFO] 23:40:50 Restarting: /Users/palash/Development/intern/backend/src/controllers/lab.controller.ts has been modified
(node:68641) [MONGOOSE] Warning: Duplicate schema index on {"email":1} found. This is often due to declaring an index using both "index: true" and "schema.index()". Please remove the duplicate index definition.
(Use `node --trace-warnings ...` to show where the warning was created)
(node:68641) [MONGOOSE] Warning: Duplicate schema index on {"role":1} found. This is often due to declaring an index using both "index: true" and "schema.index()". Please remove the duplicate index definition.
(node:68641) [MONGOOSE] Warning: Duplicate schema index on {"userId":1} found. This is often due to declaring an index using both "index: true" and "schema.index()". Please remove the duplicate index definition.
2025-12-15 23:40:50 [[32minfo[39m]: 🚀 Server running on port 5001 {"service":"healthlife-backend"}
info: 🚀 Server running on port 5001 {"service":"healthlife-backend","timestamp":"2025-12-15 23:40:50"}
2025-12-15 23:40:50 [[32minfo[39m]: 📡 Environment: development {"service":"healthlife-backend"}
info: 📡 Environment: development {"service":"healthlife-backend","timestamp":"2025-12-15 23:40:50"}
(node:68641) NOTE: The AWS SDK for JavaScript (v2) is in maintenance mode.
 SDK releases are limited to address critical bug fixes and security issues only.

Please migrate your code to use AWS SDK for JavaScript (v3).
For more information, check the blog post at https://a.co/cUPnyil
2025-12-15 23:40:50 [[32minfo[39m]: ✅ MongoDB connected successfully {"service":"healthlife-backend"}
info: ✅ MongoDB connected successfully {"service":"healthlife-backend","timestamp":"2025-12-15 23:40:50"}
2025-12-15 23:40:50 [[32minfo[39m]: ✅ PostgreSQL connected successfully {"service":"healthlife-backend"}
info: ✅ PostgreSQL connected successfully {"service":"healthlife-backend","timestamp":"2025-12-15 23:40:50"}
[INFO] 23:40:52 Restarting: /Users/palash/Development/intern/backend/src/controllers/lab.controller.ts has been modified
(node:68675) [MONGOOSE] Warning: Duplicate schema index on {"email":1} found. This is often due to declaring an index using both "index: true" and "schema.index()". Please remove the duplicate index definition.
(Use `node --trace-warnings ...` to show where the warning was created)
(node:68675) [MONGOOSE] Warning: Duplicate schema index on {"role":1} found. This is often due to declaring an index using both "index: true" and "schema.index()". Please remove the duplicate index definition.
(node:68675) [MONGOOSE] Warning: Duplicate schema index on {"userId":1} found. This is often due to declaring an index using both "index: true" and "schema.index()". Please remove the duplicate index definition.
2025-12-15 23:40:53 [[31merror[39m]: ❌ Port 5001 is already in use. Please run: npm run kill-port {"service":"healthlife-backend"}
error: ❌ Port 5001 is already in use. Please run: npm run kill-port {"service":"healthlife-backend","timestamp":"2025-12-15 23:40:53"}
2025-12-15 23:40:53 [[31merror[39m]:    Or manually kill the process: lsof -ti:5001 | xargs kill -9 {"service":"healthlife-backend"}
error:    Or manually kill the process: lsof -ti:5001 | xargs kill -9 {"service":"healthlife-backend","timestamp":"2025-12-15 23:40:53"}
[INFO] 23:41:12 Restarting: /Users/palash/Development/intern/backend/src/controllers/lab.controller.ts has been modified
(node:68854) [MONGOOSE] Warning: Duplicate schema index on {"email":1} found. This is often due to declaring an index using both "index: true" and "schema.index()". Please remove the duplicate index definition.
(Use `node --trace-warnings ...` to show where the warning was created)
(node:68854) [MONGOOSE] Warning: Duplicate schema index on {"role":1} found. This is often due to declaring an index using both "index: true" and "schema.index()". Please remove the duplicate index definition.
(node:68854) [MONGOOSE] Warning: Duplicate schema index on {"userId":1} found. This is often due to declaring an index using both "index: true" and "schema.index()". Please remove the duplicate index definition.
2025-12-15 23:41:14 [[32minfo[39m]: 🚀 Server running on port 5001 {"service":"healthlife-backend"}
info: 🚀 Server running on port 5001 {"service":"healthlife-backend","timestamp":"2025-12-15 23:41:14"}
2025-12-15 23:41:14 [[32minfo[39m]: 📡 Environment: development {"service":"healthlife-backend"}
info: 📡 Environment: development {"service":"healthlife-backend","timestamp":"2025-12-15 23:41:14"}
(node:68854) NOTE: The AWS SDK for JavaScript (v2) is in maintenance mode.
 SDK releases are limited to address critical bug fixes and security issues only.

Please migrate your code to use AWS SDK for JavaScript (v3).
For more information, check the blog post at https://a.co/cUPnyil
2025-12-15 23:41:14 [[32minfo[39m]: ✅ MongoDB connected successfully {"service":"healthlife-backend"}
info: ✅ MongoDB connected successfully {"service":"healthlife-backend","timestamp":"2025-12-15 23:41:14"}
2025-12-15 23:41:14 [[32minfo[39m]: ✅ PostgreSQL connected successfully {"service":"healthlife-backend"}
info: ✅ PostgreSQL connected successfully {"service":"healthlife-backend","timestamp":"2025-12-15 23:41:14"}
[INFO] 00:21:26 Restarting: /Users/palash/Development/intern/backend/src/controllers/auth.controller.ts has been modified
(node:88835) [MONGOOSE] Warning: Duplicate schema index on {"email":1} found. This is often due to declaring an index using both "index: true" and "schema.index()". Please remove the duplicate index definition.
(Use `node --trace-warnings ...` to show where the warning was created)
(node:88835) [MONGOOSE] Warning: Duplicate schema index on {"role":1} found. This is often due to declaring an index using both "index: true" and "schema.index()". Please remove the duplicate index definition.
(node:88835) [MONGOOSE] Warning: Duplicate schema index on {"userId":1} found. This is often due to declaring an index using both "index: true" and "schema.index()". Please remove the duplicate index definition.
2025-12-16 00:21:28 [[32minfo[39m]: 🚀 Server running on port 5001 {"service":"healthlife-backend"}
info: 🚀 Server running on port 5001 {"service":"healthlife-backend","timestamp":"2025-12-16 00:21:28"}
2025-12-16 00:21:28 [[32minfo[39m]: 📡 Environment: development {"service":"healthlife-backend"}
info: 📡 Environment: development {"service":"healthlife-backend","timestamp":"2025-12-16 00:21:28"}
(node:88835) NOTE: The AWS SDK for JavaScript (v2) is in maintenance mode.
 SDK releases are limited to address critical bug fixes and security issues only.

Please migrate your code to use AWS SDK for JavaScript (v3).
For more information, check the blog post at https://a.co/cUPnyil
2025-12-16 00:21:28 [[32minfo[39m]: ✅ MongoDB connected successfully {"service":"healthlife-backend"}
info: ✅ MongoDB connected successfully {"service":"healthlife-backend","timestamp":"2025-12-16 00:21:28"}
2025-12-16 00:21:28 [[32minfo[39m]: ✅ PostgreSQL connected successfully {"service":"healthlife-backend"}
info: ✅ PostgreSQL connected successfully {"service":"healthlife-backend","timestamp":"2025-12-16 00:21:28"}
: ::1 - - [14/Dec/2025:13:34:03 +0000] "GET /api/doctors/profile HTTP/1.1" 304 - "http://localhost:3000/" "Mozilla/5.0 (Macintosh; Intel Mac OS X 10_15_7) AppleWebKit/605.1.15 (KHTML, like Gecko) Version/26.1 Safari/605.1.15" {"service":"healthlife-backend","timestamp":"2025-12-14 19:34:03"}
2025-12-14 19:34:03 [[32minfo[39m]: ::1 - - [14/Dec/2025:13:34:03 +0000] "GET /uploads/doctor-profiles/1765719184611-pc3oq.png HTTP/1.1" 304 - "http://localhost:3000/" "Mozilla/5.0 (Macintosh; Intel Mac OS X 10_15_7) AppleWebKit/605.1.15 (KHTML, like Gecko) Version/26.1 Safari/605.1.15" {"service":"healthlife-backend"}
info: ::1 - - [14/Dec/2025:13:34:03 +0000] "GET /uploads/doctor-profiles/1765719184611-pc3oq.png HTTP/1.1" 304 - "http://localhost:3000/" "Mozilla/5.0 (Macintosh; Intel Mac OS X 10_15_7) AppleWebKit/605.1.15 (KHTML, like Gecko) Version/26.1 Safari/605.1.15" {"service":"healthlife-backend","timestamp":"2025-12-14 19:34:03"}
2025-12-14 19:34:09 [[32minfo[39m]: ::1 - - [14/Dec/2025:13:34:09 +0000] "GET /api/doctors/patients?limit=5 HTTP/1.1" 304 - "http://localhost:3000/" "Mozilla/5.0 (Macintosh; Intel Mac OS X 10_15_7) AppleWebKit/605.1.15 (KHTML, like Gecko) Version/26.1 Safari/605.1.15" {"service":"healthlife-backend"}
info: ::1 - - [14/Dec/2025:13:34:09 +0000] "GET /api/doctors/patients?limit=5 HTTP/1.1" 304 - "http://localhost:3000/" "Mozilla/5.0 (Macintosh; Intel Mac OS X 10_15_7) AppleWebKit/605.1.15 (KHTML, like Gecko) Version/26.1 Safari/605.1.15" {"service":"healthlife-backend","timestamp":"2025-12-14 19:34:09"}
2025-12-14 19:34:09 [[32minfo[39m]: ::1 - - [14/Dec/2025:13:34:09 +0000] "GET /api/doctors/patients?limit=5 HTTP/1.1" 304 - "http://localhost:3000/" "Mozilla/5.0 (Macintosh; Intel Mac OS X 10_15_7) AppleWebKit/605.1.15 (KHTML, like Gecko) Version/26.1 Safari/605.1.15" {"service":"healthlife-backend"}
info: ::1 - - [14/Dec/2025:13:34:09 +0000] "GET /api/doctors/patients?limit=5 HTTP/1.1" 304 - "http://localhost:3000/" "Mozilla/5.0 (Macintosh; Intel Mac OS X 10_15_7) AppleWebKit/605.1.15 (KHTML, like Gecko) Version/26.1 Safari/605.1.15" {"service":"healthlife-backend","timestamp":"2025-12-14 19:34:09"}
2025-12-14 19:34:09 [[32minfo[39m]: ::1 - - [14/Dec/2025:13:34:09 +0000] "GET /api/doctors/profile HTTP/1.1" 304 - "http://localhost:3000/" "Mozilla/5.0 (Macintosh; Intel Mac OS X 10_15_7) AppleWebKit/605.1.15 (KHTML, like Gecko) Version/26.1 Safari/605.1.15" {"service":"healthlife-backend"}
info: ::1 - - [14/Dec/2025:13:34:09 +0000] "GET /api/doctors/profile HTTP/1.1" 304 - "http://localhost:3000/" "Mozilla/5.0 (Macintosh; Intel Mac OS X 10_15_7) AppleWebKit/605.1.15 (KHTML, like Gecko) Version/26.1 Safari/605.1.15" {"service":"healthlife-backend","timestamp":"2025-12-14 19:34:09"}
2025-12-14 19:34:09 [[32minfo[39m]: Extracted 1 unique patient IDs from 1 appointments: ["693eba5dc22c8e0f5ead86fd"] {"service":"healthlife-backend"}
info: Extracted 1 unique patient IDs from 1 appointments: ["693eba5dc22c8e0f5ead86fd"] {"service":"healthlife-backend","timestamp":"2025-12-14 19:34:09"}
2025-12-14 19:34:09 [[32minfo[39m]: Extracted 1 unique patient IDs from 1 appointments: ["693eba5dc22c8e0f5ead86fd"] {"service":"healthlife-backend"}
info: Extracted 1 unique patient IDs from 1 appointments: ["693eba5dc22c8e0f5ead86fd"] {"service":"healthlife-backend","timestamp":"2025-12-14 19:34:09"}
2025-12-14 19:34:09 [[32minfo[39m]: ::1 - - [14/Dec/2025:13:34:09 +0000] "GET /api/doctors/profile HTTP/1.1" 304 - "http://localhost:3000/" "Mozilla/5.0 (Macintosh; Intel Mac OS X 10_15_7) AppleWebKit/605.1.15 (KHTML, like Gecko) Version/26.1 Safari/605.1.15" {"service":"healthlife-backend"}
info: ::1 - - [14/Dec/2025:13:34:09 +0000] "GET /api/doctors/profile HTTP/1.1" 304 - "http://localhost:3000/" "Mozilla/5.0 (Macintosh; Intel Mac OS X 10_15_7) AppleWebKit/605.1.15 (KHTML, like Gecko) Version/26.1 Safari/605.1.15" {"service":"healthlife-backend","timestamp":"2025-12-14 19:34:09"}
2025-12-14 19:34:09 [[32minfo[39m]: Mapped patient 693eba5dc22c8e0f5ead86fd to name: John Doe {"service":"healthlife-backend"}
info: Mapped patient 693eba5dc22c8e0f5ead86fd to name: John Doe {"service":"healthlife-backend","timestamp":"2025-12-14 19:34:09"}
2025-12-14 19:34:09 [[32minfo[39m]: Patient lookup: Found 1 patients, Map size: 1, Total appointments: 1 {"service":"healthlife-backend"}
info: Patient lookup: Found 1 patients, Map size: 1, Total appointments: 1 {"service":"healthlife-backend","timestamp":"2025-12-14 19:34:09"}
2025-12-14 19:34:09 [[32minfo[39m]: Patient map keys: 693eba5dc22c8e0f5ead86fd {"service":"healthlife-backend"}
info: Patient map keys: 693eba5dc22c8e0f5ead86fd {"service":"healthlife-backend","timestamp":"2025-12-14 19:34:09"}
2025-12-14 19:34:09 [[32minfo[39m]: ::1 - - [14/Dec/2025:13:34:09 +0000] "GET /api/doctors/appointments HTTP/1.1" 304 - "http://localhost:3000/" "Mozilla/5.0 (Macintosh; Intel Mac OS X 10_15_7) AppleWebKit/605.1.15 (KHTML, like Gecko) Version/26.1 Safari/605.1.15" {"service":"healthlife-backend"}
info: ::1 - - [14/Dec/2025:13:34:09 +0000] "GET /api/doctors/appointments HTTP/1.1" 304 - "http://localhost:3000/" "Mozilla/5.0 (Macintosh; Intel Mac OS X 10_15_7) AppleWebKit/605.1.15 (KHTML, like Gecko) Version/26.1 Safari/605.1.15" {"service":"healthlife-backend","timestamp":"2025-12-14 19:34:09"}
2025-12-14 19:34:09 [[32minfo[39m]: Mapped patient 693eba5dc22c8e0f5ead86fd to name: John Doe {"service":"healthlife-backend"}
info: Mapped patient 693eba5dc22c8e0f5ead86fd to name: John Doe {"service":"healthlife-backend","timestamp":"2025-12-14 19:34:09"}
2025-12-14 19:34:09 [[32minfo[39m]: Patient lookup: Found 1 patients, Map size: 1, Total appointments: 1 {"service":"healthlife-backend"}
info: Patient lookup: Found 1 patients, Map size: 1, Total appointments: 1 {"service":"healthlife-backend","timestamp":"2025-12-14 19:34:09"}
2025-12-14 19:34:09 [[32minfo[39m]: Patient map keys: 693eba5dc22c8e0f5ead86fd {"service":"healthlife-backend"}
info: Patient map keys: 693eba5dc22c8e0f5ead86fd {"service":"healthlife-backend","timestamp":"2025-12-14 19:34:09"}
2025-12-14 19:34:09 [[32minfo[39m]: ::1 - - [14/Dec/2025:13:34:09 +0000] "GET /api/doctors/appointments HTTP/1.1" 304 - "http://localhost:3000/" "Mozilla/5.0 (Macintosh; Intel Mac OS X 10_15_7) AppleWebKit/605.1.15 (KHTML, like Gecko) Version/26.1 Safari/605.1.15" {"service":"healthlife-backend"}
info: ::1 - - [14/Dec/2025:13:34:09 +0000] "GET /api/doctors/appointments HTTP/1.1" 304 - "http://localhost:3000/" "Mozilla/5.0 (Macintosh; Intel Mac OS X 10_15_7) AppleWebKit/605.1.15 (KHTML, like Gecko) Version/26.1 Safari/605.1.15" {"service":"healthlife-backend","timestamp":"2025-12-14 19:34:09"}
2025-12-14 19:34:09 [[32minfo[39m]: ::1 - - [14/Dec/2025:13:34:09 +0000] "GET /api/doctors/profile HTTP/1.1" 304 - "http://localhost:3000/" "Mozilla/5.0 (Macintosh; Intel Mac OS X 10_15_7) AppleWebKit/605.1.15 (KHTML, like Gecko) Version/26.1 Safari/605.1.15" {"service":"healthlife-backend"}
info: ::1 - - [14/Dec/2025:13:34:09 +0000] "GET /api/doctors/profile HTTP/1.1" 304 - "http://localhost:3000/" "Mozilla/5.0 (Macintosh; Intel Mac OS X 10_15_7) AppleWebKit/605.1.15 (KHTML, like Gecko) Version/26.1 Safari/605.1.15" {"service":"healthlife-backend","timestamp":"2025-12-14 19:34:09"}
2025-12-14 19:34:09 [[32minfo[39m]: ::1 - - [14/Dec/2025:13:34:09 +0000] "GET /api/doctors/profile HTTP/1.1" 304 - "http://localhost:3000/" "Mozilla/5.0 (Macintosh; Intel Mac OS X 10_15_7) AppleWebKit/605.1.15 (KHTML, like Gecko) Version/26.1 Safari/605.1.15" {"service":"healthlife-backend"}
info: ::1 - - [14/Dec/2025:13:34:09 +0000] "GET /api/doctors/profile HTTP/1.1" 304 - "http://localhost:3000/" "Mozilla/5.0 (Macintosh; Intel Mac OS X 10_15_7) AppleWebKit/605.1.15 (KHTML, like Gecko) Version/26.1 Safari/605.1.15" {"service":"healthlife-backend","timestamp":"2025-12-14 19:34:09"}
2025-12-14 19:34:09 [[32minfo[39m]: ::1 - - [14/Dec/2025:13:34:09 +0000] "GET /uploads/doctor-profiles/1765719184611-pc3oq.png HTTP/1.1" 304 - "http://localhost:3000/" "Mozilla/5.0 (Macintosh; Intel Mac OS X 10_15_7) AppleWebKit/605.1.15 (KHTML, like Gecko) Version/26.1 Safari/605.1.15" {"service":"healthlife-backend"}
info: ::1 - - [14/Dec/2025:13:34:09 +0000] "GET /uploads/doctor-profiles/1765719184611-pc3oq.png HTTP/1.1" 304 - "http://localhost:3000/" "Mozilla/5.0 (Macintosh; Intel Mac OS X 10_15_7) AppleWebKit/605.1.15 (KHTML, like Gecko) Version/26.1 Safari/605.1.15" {"service":"healthlife-backend","timestamp":"2025-12-14 19:34:09"}
2025-12-14 19:34:13 [[32minfo[39m]: ::1 - - [14/Dec/2025:13:34:13 +0000] "GET /api/doctors/profile HTTP/1.1" 304 - "http://localhost:3000/" "Mozilla/5.0 (Macintosh; Intel Mac OS X 10_15_7) AppleWebKit/605.1.15 (KHTML, like Gecko) Version/26.1 Safari/605.1.15" {"service":"healthlife-backend"}
info: ::1 - - [14/Dec/2025:13:34:13 +0000] "GET /api/doctors/profile HTTP/1.1" 304 - "http://localhost:3000/" "Mozilla/5.0 (Macintosh; Intel Mac OS X 10_15_7) AppleWebKit/605.1.15 (KHTML, like Gecko) Version/26.1 Safari/605.1.15" {"service":"healthlife-backend","timestamp":"2025-12-14 19:34:13"}
2025-12-14 19:34:13 [[32minfo[39m]: Extracted 1 unique patient IDs from 1 appointments: ["693eba5dc22c8e0f5ead86fd"] {"service":"healthlife-backend"}
info: Extracted 1 unique patient IDs from 1 appointments: ["693eba5dc22c8e0f5ead86fd"] {"service":"healthlife-backend","timestamp":"2025-12-14 19:34:13"}
2025-12-14 19:34:13 [[32minfo[39m]: ::1 - - [14/Dec/2025:13:34:13 +0000] "GET /api/doctors/patients HTTP/1.1" 304 - "http://localhost:3000/" "Mozilla/5.0 (Macintosh; Intel Mac OS X 10_15_7) AppleWebKit/605.1.15 (KHTML, like Gecko) Version/26.1 Safari/605.1.15" {"service":"healthlife-backend"}
info: ::1 - - [14/Dec/2025:13:34:13 +0000] "GET /api/doctors/patients HTTP/1.1" 304 - "http://localhost:3000/" "Mozilla/5.0 (Macintosh; Intel Mac OS X 10_15_7) AppleWebKit/605.1.15 (KHTML, like Gecko) Version/26.1 Safari/605.1.15" {"service":"healthlife-backend","timestamp":"2025-12-14 19:34:13"}
2025-12-14 19:34:13 [[32minfo[39m]: Mapped patient 693eba5dc22c8e0f5ead86fd to name: John Doe {"service":"healthlife-backend"}
info: Mapped patient 693eba5dc22c8e0f5ead86fd to name: John Doe {"service":"healthlife-backend","timestamp":"2025-12-14 19:34:13"}
2025-12-14 19:34:13 [[32minfo[39m]: Patient lookup: Found 1 patients, Map size: 1, Total appointments: 1 {"service":"healthlife-backend"}
info: Patient lookup: Found 1 patients, Map size: 1, Total appointments: 1 {"service":"healthlife-backend","timestamp":"2025-12-14 19:34:13"}
2025-12-14 19:34:13 [[32minfo[39m]: Patient map keys: 693eba5dc22c8e0f5ead86fd {"service":"healthlife-backend"}
info: Patient map keys: 693eba5dc22c8e0f5ead86fd {"service":"healthlife-backend","timestamp":"2025-12-14 19:34:13"}
2025-12-14 19:34:13 [[32minfo[39m]: ::1 - - [14/Dec/2025:13:34:13 +0000] "GET /api/doctors/appointments HTTP/1.1" 304 - "http://localhost:3000/" "Mozilla/5.0 (Macintosh; Intel Mac OS X 10_15_7) AppleWebKit/605.1.15 (KHTML, like Gecko) Version/26.1 Safari/605.1.15" {"service":"healthlife-backend"}
info: ::1 - - [14/Dec/2025:13:34:13 +0000] "GET /api/doctors/appointments HTTP/1.1" 304 - "http://localhost:3000/" "Mozilla/5.0 (Macintosh; Intel Mac OS X 10_15_7) AppleWebKit/605.1.15 (KHTML, like Gecko) Version/26.1 Safari/605.1.15" {"service":"healthlife-backend","timestamp":"2025-12-14 19:34:13"}
2025-12-14 19:34:13 [[32minfo[39m]: Extracted 1 unique patient IDs from 1 appointments: ["693eba5dc22c8e0f5ead86fd"] {"service":"healthlife-backend"}
info: Extracted 1 unique patient IDs from 1 appointments: ["693eba5dc22c8e0f5ead86fd"] {"service":"healthlife-backend","timestamp":"2025-12-14 19:34:13"}
2025-12-14 19:34:13 [[32minfo[39m]: ::1 - - [14/Dec/2025:13:34:13 +0000] "GET /api/doctors/patients/693eba5dc22c8e0f5ead86fd/history HTTP/1.1" 304 - "http://localhost:3000/" "Mozilla/5.0 (Macintosh; Intel Mac OS X 10_15_7) AppleWebKit/605.1.15 (KHTML, like Gecko) Version/26.1 Safari/605.1.15" {"service":"healthlife-backend"}
info: ::1 - - [14/Dec/2025:13:34:13 +0000] "GET /api/doctors/patients/693eba5dc22c8e0f5ead86fd/history HTTP/1.1" 304 - "http://localhost:3000/" "Mozilla/5.0 (Macintosh; Intel Mac OS X 10_15_7) AppleWebKit/605.1.15 (KHTML, like Gecko) Version/26.1 Safari/605.1.15" {"service":"healthlife-backend","timestamp":"2025-12-14 19:34:13"}
2025-12-14 19:34:13 [[32minfo[39m]: ::1 - - [14/Dec/2025:13:34:13 +0000] "GET /api/doctors/profile HTTP/1.1" 304 - "http://localhost:3000/" "Mozilla/5.0 (Macintosh; Intel Mac OS X 10_15_7) AppleWebKit/605.1.15 (KHTML, like Gecko) Version/26.1 Safari/605.1.15" {"service":"healthlife-backend"}
info: ::1 - - [14/Dec/2025:13:34:13 +0000] "GET /api/doctors/profile HTTP/1.1" 304 - "http://localhost:3000/" "Mozilla/5.0 (Macintosh; Intel Mac OS X 10_15_7) AppleWebKit/605.1.15 (KHTML, like Gecko) Version/26.1 Safari/605.1.15" {"service":"healthlife-backend","timestamp":"2025-12-14 19:34:13"}
2025-12-14 19:34:13 [[32minfo[39m]: ::1 - - [14/Dec/2025:13:34:13 +0000] "GET /uploads/doctor-profiles/1765719184611-pc3oq.png HTTP/1.1" 304 - "http://localhost:3000/" "Mozilla/5.0 (Macintosh; Intel Mac OS X 10_15_7) AppleWebKit/605.1.15 (KHTML, like Gecko) Version/26.1 Safari/605.1.15" {"service":"healthlife-backend"}
info: ::1 - - [14/Dec/2025:13:34:13 +0000] "GET /uploads/doctor-profiles/1765719184611-pc3oq.png HTTP/1.1" 304 - "http://localhost:3000/" "Mozilla/5.0 (Macintosh; Intel Mac OS X 10_15_7) AppleWebKit/605.1.15 (KHTML, like Gecko) Version/26.1 Safari/605.1.15" {"service":"healthlife-backend","timestamp":"2025-12-14 19:34:13"}
2025-12-14 19:34:13 [[32minfo[39m]: Mapped patient 693eba5dc22c8e0f5ead86fd to name: John Doe {"service":"healthlife-backend"}
info: Mapped patient 693eba5dc22c8e0f5ead86fd to name: John Doe {"service":"healthlife-backend","timestamp":"2025-12-14 19:34:13"}
2025-12-14 19:34:13 [[32minfo[39m]: Patient lookup: Found 1 patients, Map size: 1, Total appointments: 1 {"service":"healthlife-backend"}
info: Patient lookup: Found 1 patients, Map size: 1, Total appointments: 1 {"service":"healthlife-backend","timestamp":"2025-12-14 19:34:13"}
2025-12-14 19:34:13 [[32minfo[39m]: Patient map keys: 693eba5dc22c8e0f5ead86fd {"service":"healthlife-backend"}
info: Patient map keys: 693eba5dc22c8e0f5ead86fd {"service":"healthlife-backend","timestamp":"2025-12-14 19:34:13"}
2025-12-14 19:34:13 [[32minfo[39m]: ::1 - - [14/Dec/2025:13:34:13 +0000] "GET /api/doctors/appointments HTTP/1.1" 304 - "http://localhost:3000/" "Mozilla/5.0 (Macintosh; Intel Mac OS X 10_15_7) AppleWebKit/605.1.15 (KHTML, like Gecko) Version/26.1 Safari/605.1.15" {"service":"healthlife-backend"}
info: ::1 - - [14/Dec/2025:13:34:13 +0000] "GET /api/doctors/appointments HTTP/1.1" 304 - "http://localhost:3000/" "Mozilla/5.0 (Macintosh; Intel Mac OS X 10_15_7) AppleWebKit/605.1.15 (KHTML, like Gecko) Version/26.1 Safari/605.1.15" {"service":"healthlife-backend","timestamp":"2025-12-14 19:34:13"}
2025-12-14 19:34:13 [[32minfo[39m]: ::1 - - [14/Dec/2025:13:34:13 +0000] "GET /api/doctors/patients HTTP/1.1" 304 - "http://localhost:3000/" "Mozilla/5.0 (Macintosh; Intel Mac OS X 10_15_7) AppleWebKit/605.1.15 (KHTML, like Gecko) Version/26.1 Safari/605.1.15" {"service":"healthlife-backend"}
info: ::1 - - [14/Dec/2025:13:34:13 +0000] "GET /api/doctors/patients HTTP/1.1" 304 - "http://localhost:3000/" "Mozilla/5.0 (Macintosh; Intel Mac OS X 10_15_7) AppleWebKit/605.1.15 (KHTML, like Gecko) Version/26.1 Safari/605.1.15" {"service":"healthlife-backend","timestamp":"2025-12-14 19:34:13"}
2025-12-14 19:34:13 [[32minfo[39m]: ::1 - - [14/Dec/2025:13:34:13 +0000] "GET /api/doctors/patients/693eba5dc22c8e0f5ead86fd/history HTTP/1.1" 304 - "http://localhost:3000/" "Mozilla/5.0 (Macintosh; Intel Mac OS X 10_15_7) AppleWebKit/605.1.15 (KHTML, like Gecko) Version/26.1 Safari/605.1.15" {"service":"healthlife-backend"}
info: ::1 - - [14/Dec/2025:13:34:13 +0000] "GET /api/doctors/patients/693eba5dc22c8e0f5ead86fd/history HTTP/1.1" 304 - "http://localhost:3000/" "Mozilla/5.0 (Macintosh; Intel Mac OS X 10_15_7) AppleWebKit/605.1.15 (KHTML, like Gecko) Version/26.1 Safari/605.1.15" {"service":"healthlife-backend","timestamp":"2025-12-14 19:34:13"}
2025-12-14 19:34:20 [[32minfo[39m]: Extracted 1 unique patient IDs from 1 appointments: ["693eba5dc22c8e0f5ead86fd"] {"service":"healthlife-backend"}
info: Extracted 1 unique patient IDs from 1 appointments: ["693eba5dc22c8e0f5ead86fd"] {"service":"healthlife-backend","timestamp":"2025-12-14 19:34:20"}
2025-12-14 19:34:20 [[32minfo[39m]: Mapped patient 693eba5dc22c8e0f5ead86fd to name: John Doe {"service":"healthlife-backend"}
info: Mapped patient 693eba5dc22c8e0f5ead86fd to name: John Doe {"service":"healthlife-backend","timestamp":"2025-12-14 19:34:20"}
2025-12-14 19:34:20 [[32minfo[39m]: Patient lookup: Found 1 patients, Map size: 1, Total appointments: 1 {"service":"healthlife-backend"}
info: Patient lookup: Found 1 patients, Map size: 1, Total appointments: 1 {"service":"healthlife-backend","timestamp":"2025-12-14 19:34:20"}
2025-12-14 19:34:20 [[32minfo[39m]: Patient map keys: 693eba5dc22c8e0f5ead86fd {"service":"healthlife-backend"}
info: Patient map keys: 693eba5dc22c8e0f5ead86fd {"service":"healthlife-backend","timestamp":"2025-12-14 19:34:20"}
2025-12-14 19:34:20 [[32minfo[39m]: ::1 - - [14/Dec/2025:13:34:20 +0000] "GET /api/doctors/appointments HTTP/1.1" 304 - "http://localhost:3000/" "Mozilla/5.0 (Macintosh; Intel Mac OS X 10_15_7) AppleWebKit/605.1.15 (KHTML, like Gecko) Version/26.1 Safari/605.1.15" {"service":"healthlife-backend"}
info: ::1 - - [14/Dec/2025:13:34:20 +0000] "GET /api/doctors/appointments HTTP/1.1" 304 - "http://localhost:3000/" "Mozilla/5.0 (Macintosh; Intel Mac OS X 10_15_7) AppleWebKit/605.1.15 (KHTML, like Gecko) Version/26.1 Safari/605.1.15" {"service":"healthlife-backend","timestamp":"2025-12-14 19:34:20"}
2025-12-14 19:34:20 [[32minfo[39m]: ::1 - - [14/Dec/2025:13:34:20 +0000] "GET /api/doctors/profile HTTP/1.1" 304 - "http://localhost:3000/" "Mozilla/5.0 (Macintosh; Intel Mac OS X 10_15_7) AppleWebKit/605.1.15 (KHTML, like Gecko) Version/26.1 Safari/605.1.15" {"service":"healthlife-backend"}
info: ::1 - - [14/Dec/2025:13:34:20 +0000] "GET /api/doctors/profile HTTP/1.1" 304 - "http://localhost:3000/" "Mozilla/5.0 (Macintosh; Intel Mac OS X 10_15_7) AppleWebKit/605.1.15 (KHTML, like Gecko) Version/26.1 Safari/605.1.15" {"service":"healthlife-backend","timestamp":"2025-12-14 19:34:20"}
2025-12-14 19:34:20 [[32minfo[39m]: ::1 - - [14/Dec/2025:13:34:20 +0000] "GET /api/doctors/profile HTTP/1.1" 304 - "http://localhost:3000/" "Mozilla/5.0 (Macintosh; Intel Mac OS X 10_15_7) AppleWebKit/605.1.15 (KHTML, like Gecko) Version/26.1 Safari/605.1.15" {"service":"healthlife-backend"}
info: ::1 - - [14/Dec/2025:13:34:20 +0000] "GET /api/doctors/profile HTTP/1.1" 304 - "http://localhost:3000/" "Mozilla/5.0 (Macintosh; Intel Mac OS X 10_15_7) AppleWebKit/605.1.15 (KHTML, like Gecko) Version/26.1 Safari/605.1.15" {"service":"healthlife-backend","timestamp":"2025-12-14 19:34:20"}
2025-12-14 19:34:20 [[32minfo[39m]: ::1 - - [14/Dec/2025:13:34:20 +0000] "GET /uploads/doctor-profiles/1765719184611-pc3oq.png HTTP/1.1" 304 - "http://localhost:3000/" "Mozilla/5.0 (Macintosh; Intel Mac OS X 10_15_7) AppleWebKit/605.1.15 (KHTML, like Gecko) Version/26.1 Safari/605.1.15" {"service":"healthlife-backend"}
info: ::1 - - [14/Dec/2025:13:34:20 +0000] "GET /uploads/doctor-profiles/1765719184611-pc3oq.png HTTP/1.1" 304 - "http://localhost:3000/" "Mozilla/5.0 (Macintosh; Intel Mac OS X 10_15_7) AppleWebKit/605.1.15 (KHTML, like Gecko) Version/26.1 Safari/605.1.15" {"service":"healthlife-backend","timestamp":"2025-12-14 19:34:20"}
2025-12-14 19:34:20 [[32minfo[39m]: ::1 - - [14/Dec/2025:13:34:20 +0000] "GET /api/doctors/profile HTTP/1.1" 304 - "http://localhost:3000/" "Mozilla/5.0 (Macintosh; Intel Mac OS X 10_15_7) AppleWebKit/605.1.15 (KHTML, like Gecko) Version/26.1 Safari/605.1.15" {"service":"healthlife-backend"}
info: ::1 - - [14/Dec/2025:13:34:20 +0000] "GET /api/doctors/profile HTTP/1.1" 304 - "http://localhost:3000/" "Mozilla/5.0 (Macintosh; Intel Mac OS X 10_15_7) AppleWebKit/605.1.15 (KHTML, like Gecko) Version/26.1 Safari/605.1.15" {"service":"healthlife-backend","timestamp":"2025-12-14 19:34:20"}
2025-12-14 19:34:20 [[32minfo[39m]: ::1 - - [14/Dec/2025:13:34:20 +0000] "GET /api/doctors/profile HTTP/1.1" 304 - "http://localhost:3000/" "Mozilla/5.0 (Macintosh; Intel Mac OS X 10_15_7) AppleWebKit/605.1.15 (KHTML, like Gecko) Version/26.1 Safari/605.1.15" {"service":"healthlife-backend"}
info: ::1 - - [14/Dec/2025:13:34:20 +0000] "GET /api/doctors/profile HTTP/1.1" 304 - "http://localhost:3000/" "Mozilla/5.0 (Macintosh; Intel Mac OS X 10_15_7) AppleWebKit/605.1.15 (KHTML, like Gecko) Version/26.1 Safari/605.1.15" {"service":"healthlife-backend","timestamp":"2025-12-14 19:34:20"}
2025-12-14 19:34:20 [[32minfo[39m]: ::1 - - [14/Dec/2025:13:34:20 +0000] "GET /uploads/doctor-profiles/1765719184611-pc3oq.png HTTP/1.1" 304 - "http://localhost:3000/" "Mozilla/5.0 (Macintosh; Intel Mac OS X 10_15_7) AppleWebKit/605.1.15 (KHTML, like Gecko) Version/26.1 Safari/605.1.15" {"service":"healthlife-backend"}
info: ::1 - - [14/Dec/2025:13:34:20 +0000] "GET /uploads/doctor-profiles/1765719184611-pc3oq.png HTTP/1.1" 304 - "http://localhost:3000/" "Mozilla/5.0 (Macintosh; Intel Mac OS X 10_15_7) AppleWebKit/605.1.15 (KHTML, like Gecko) Version/26.1 Safari/605.1.15" {"service":"healthlife-backend","timestamp":"2025-12-14 19:34:20"}
2025-12-14 19:34:31 [[32minfo[39m]: ::1 - - [14/Dec/2025:13:34:31 +0000] "GET /api/doctors/profile HTTP/1.1" 304 - "http://localhost:3000/" "Mozilla/5.0 (Macintosh; Intel Mac OS X 10_15_7) AppleWebKit/605.1.15 (KHTML, like Gecko) Version/26.1 Safari/605.1.15" {"service":"healthlife-backend"}
info: ::1 - - [14/Dec/2025:13:34:31 +0000] "GET /api/doctors/profile HTTP/1.1" 304 - "http://localhost:3000/" "Mozilla/5.0 (Macintosh; Intel Mac OS X 10_15_7) AppleWebKit/605.1.15 (KHTML, like Gecko) Version/26.1 Safari/605.1.15" {"service":"healthlife-backend","timestamp":"2025-12-14 19:34:31"}
2025-12-14 19:34:31 [[32minfo[39m]: ::1 - - [14/Dec/2025:13:34:31 +0000] "GET /uploads/doctor-profiles/1765719184611-pc3oq.png HTTP/1.1" 304 - "http://localhost:3000/" "Mozilla/5.0 (Macintosh; Intel Mac OS X 10_15_7) AppleWebKit/605.1.15 (KHTML, like Gecko) Version/26.1 Safari/605.1.15" {"service":"healthlife-backend"}
info: ::1 - - [14/Dec/2025:13:34:31 +0000] "GET /uploads/doctor-profiles/1765719184611-pc3oq.png HTTP/1.1" 304 - "http://localhost:3000/" "Mozilla/5.0 (Macintosh; Intel Mac OS X 10_15_7) AppleWebKit/605.1.15 (KHTML, like Gecko) Version/26.1 Safari/605.1.15" {"service":"healthlife-backend","timestamp":"2025-12-14 19:34:31"}
2025-12-14 19:34:32 [[32minfo[39m]: ::1 - - [14/Dec/2025:13:34:32 +0000] "GET /api/doctors/profile HTTP/1.1" 304 - "http://localhost:3000/" "Mozilla/5.0 (Macintosh; Intel Mac OS X 10_15_7) AppleWebKit/605.1.15 (KHTML, like Gecko) Version/26.1 Safari/605.1.15" {"service":"healthlife-backend"}
info: ::1 - - [14/Dec/2025:13:34:32 +0000] "GET /api/doctors/profile HTTP/1.1" 304 - "http://localhost:3000/" "Mozilla/5.0 (Macintosh; Intel Mac OS X 10_15_7) AppleWebKit/605.1.15 (KHTML, like Gecko) Version/26.1 Safari/605.1.15" {"service":"healthlife-backend","timestamp":"2025-12-14 19:34:32"}
2025-12-14 19:34:32 [[32minfo[39m]: ::1 - - [14/Dec/2025:13:34:32 +0000] "GET /uploads/doctor-profiles/1765719184611-pc3oq.png HTTP/1.1" 304 - "http://localhost:3000/" "Mozilla/5.0 (Macintosh; Intel Mac OS X 10_15_7) AppleWebKit/605.1.15 (KHTML, like Gecko) Version/26.1 Safari/605.1.15" {"service":"healthlife-backend"}
info: ::1 - - [14/Dec/2025:13:34:32 +0000] "GET /uploads/doctor-profiles/1765719184611-pc3oq.png HTTP/1.1" 304 - "http://localhost:3000/" "Mozilla/5.0 (Macintosh; Intel Mac OS X 10_15_7) AppleWebKit/605.1.15 (KHTML, like Gecko) Version/26.1 Safari/605.1.15" {"service":"healthlife-backend","timestamp":"2025-12-14 19:34:32"}
2025-12-14 19:34:33 [[32minfo[39m]: ::1 - - [14/Dec/2025:13:34:33 +0000] "GET /api/doctors/profile HTTP/1.1" 304 - "http://localhost:3000/" "Mozilla/5.0 (Macintosh; Intel Mac OS X 10_15_7) AppleWebKit/605.1.15 (KHTML, like Gecko) Version/26.1 Safari/605.1.15" {"service":"healthlife-backend"}
info: ::1 - - [14/Dec/2025:13:34:33 +0000] "GET /api/doctors/profile HTTP/1.1" 304 - "http://localhost:3000/" "Mozilla/5.0 (Macintosh; Intel Mac OS X 10_15_7) AppleWebKit/605.1.15 (KHTML, like Gecko) Version/26.1 Safari/605.1.15" {"service":"healthlife-backend","timestamp":"2025-12-14 19:34:33"}
2025-12-14 19:34:33 [[32minfo[39m]: ::1 - - [14/Dec/2025:13:34:33 +0000] "GET /uploads/doctor-profiles/1765719184611-pc3oq.png HTTP/1.1" 304 - "http://localhost:3000/" "Mozilla/5.0 (Macintosh; Intel Mac OS X 10_15_7) AppleWebKit/605.1.15 (KHTML, like Gecko) Version/26.1 Safari/605.1.15" {"service":"healthlife-backend"}
info: ::1 - - [14/Dec/2025:13:34:33 +0000] "GET /uploads/doctor-profiles/1765719184611-pc3oq.png HTTP/1.1" 304 - "http://localhost:3000/" "Mozilla/5.0 (Macintosh; Intel Mac OS X 10_15_7) AppleWebKit/605.1.15 (KHTML, like Gecko) Version/26.1 Safari/605.1.15" {"service":"healthlife-backend","timestamp":"2025-12-14 19:34:33"}
2025-12-14 19:34:34 [[32minfo[39m]: ::1 - - [14/Dec/2025:13:34:34 +0000] "GET /api/doctors/profile HTTP/1.1" 304 - "http://localhost:3000/" "Mozilla/5.0 (Macintosh; Intel Mac OS X 10_15_7) AppleWebKit/605.1.15 (KHTML, like Gecko) Version/26.1 Safari/605.1.15" {"service":"healthlife-backend"}
info: ::1 - - [14/Dec/2025:13:34:34 +0000] "GET /api/doctors/profile HTTP/1.1" 304 - "http://localhost:3000/" "Mozilla/5.0 (Macintosh; Intel Mac OS X 10_15_7) AppleWebKit/605.1.15 (KHTML, like Gecko) Version/26.1 Safari/605.1.15" {"service":"healthlife-backend","timestamp":"2025-12-14 19:34:34"}
2025-12-14 19:34:34 [[32minfo[39m]: ::1 - - [14/Dec/2025:13:34:34 +0000] "GET /uploads/doctor-profiles/1765719184611-pc3oq.png HTTP/1.1" 304 - "http://localhost:3000/" "Mozilla/5.0 (Macintosh; Intel Mac OS X 10_15_7) AppleWebKit/605.1.15 (KHTML, like Gecko) Version/26.1 Safari/605.1.15" {"service":"healthlife-backend"}
info: ::1 - - [14/Dec/2025:13:34:34 +0000] "GET /uploads/doctor-profiles/1765719184611-pc3oq.png HTTP/1.1" 304 - "http://localhost:3000/" "Mozilla/5.0 (Macintosh; Intel Mac OS X 10_15_7) AppleWebKit/605.1.15 (KHTML, like Gecko) Version/26.1 Safari/605.1.15" {"service":"healthlife-backend","timestamp":"2025-12-14 19:34:34"}
[INFO] 22:36:26 Restarting: /Users/palash/Development/intern/backend/src/controllers/patient.controller.ts has been modified
(node:81485) [MONGOOSE] Warning: Duplicate schema index on {"email":1} found. This is often due to declaring an index using both "index: true" and "schema.index()". Please remove the duplicate index definition.
(Use `node --trace-warnings ...` to show where the warning was created)
(node:81485) [MONGOOSE] Warning: Duplicate schema index on {"role":1} found. This is often due to declaring an index using both "index: true" and "schema.index()". Please remove the duplicate index definition.
(node:81485) [MONGOOSE] Warning: Duplicate schema index on {"userId":1} found. This is often due to declaring an index using both "index: true" and "schema.index()". Please remove the duplicate index definition.
2025-12-14 22:36:28 [[32minfo[39m]: 🚀 Server running on port 5001 {"service":"healthlife-backend"}
info: 🚀 Server running on port 5001 {"service":"healthlife-backend","timestamp":"2025-12-14 22:36:28"}
2025-12-14 22:36:28 [[32minfo[39m]: 📡 Environment: development {"service":"healthlife-backend"}
info: 📡 Environment: development {"service":"healthlife-backend","timestamp":"2025-12-14 22:36:28"}
(node:81485) NOTE: The AWS SDK for JavaScript (v2) is in maintenance mode.
 SDK releases are limited to address critical bug fixes and security issues only.

Please migrate your code to use AWS SDK for JavaScript (v3).
For more information, check the blog post at https://a.co/cUPnyil
2025-12-14 22:36:28 [[32minfo[39m]: ✅ MongoDB connected successfully {"service":"healthlife-backend"}
info: ✅ MongoDB connected successfully {"service":"healthlife-backend","timestamp":"2025-12-14 22:36:28"}
2025-12-14 22:36:28 [[32minfo[39m]: ✅ PostgreSQL connected successfully {"service":"healthlife-backend"}
info: ✅ PostgreSQL connected successfully {"service":"healthlife-backend","timestamp":"2025-12-14 22:36:28"}
[INFO] 22:36:48 Restarting: /Users/palash/Development/intern/backend/src/controllers/patient.controller.ts has been modified
(node:81699) [MONGOOSE] Warning: Duplicate schema index on {"email":1} found. This is often due to declaring an index using both "index: true" and "schema.index()". Please remove the duplicate index definition.
(Use `node --trace-warnings ...` to show where the warning was created)
(node:81699) [MONGOOSE] Warning: Duplicate schema index on {"role":1} found. This is often due to declaring an index using both "index: true" and "schema.index()". Please remove the duplicate index definition.
(node:81699) [MONGOOSE] Warning: Duplicate schema index on {"userId":1} found. This is often due to declaring an index using both "index: true" and "schema.index()". Please remove the duplicate index definition.
2025-12-14 22:36:49 [[31merror[39m]: ❌ Port 5001 is already in use. Please run: npm run kill-port {"service":"healthlife-backend"}
error: ❌ Port 5001 is already in use. Please run: npm run kill-port {"service":"healthlife-backend","timestamp":"2025-12-14 22:36:49"}
2025-12-14 22:36:49 [[31merror[39m]:    Or manually kill the process: lsof -ti:5001 | xargs kill -9 {"service":"healthlife-backend"}
error:    Or manually kill the process: lsof -ti:5001 | xargs kill -9 {"service":"healthlife-backend","timestamp":"2025-12-14 22:36:49"}
[INFO] 00:58:20 Restarting: /Users/palash/Development/intern/backend/src/server.ts has been modified
(node:51099) [MONGOOSE] Warning: Duplicate schema index on {"email":1} found. This is often due to declaring an index using both "index: true" and "schema.index()". Please remove the duplicate index definition.
(Use `node --trace-warnings ...` to show where the warning was created)
(node:51099) [MONGOOSE] Warning: Duplicate schema index on {"role":1} found. This is often due to declaring an index using both "index: true" and "schema.index()". Please remove the duplicate index definition.
(node:51099) [MONGOOSE] Warning: Duplicate schema index on {"userId":1} found. This is often due to declaring an index using both "index: true" and "schema.index()". Please remove the duplicate index definition.
2025-12-15 00:58:22 [[31merror[39m]: ❌ Port 5001 is already in use. Please run: npm run kill-port {"service":"healthlife-backend"}
error: ❌ Port 5001 is already in use. Please run: npm run kill-port {"service":"healthlife-backend","timestamp":"2025-12-15 00:58:22"}
2025-12-15 00:58:22 [[31merror[39m]:    Or manually kill the process: lsof -ti:5001 | xargs kill -9 {"service":"healthlife-backend"}
error:    Or manually kill the process: lsof -ti:5001 | xargs kill -9 {"service":"healthlife-backend","timestamp":"2025-12-15 00:58:22"}
[INFO] 00:58:24 Restarting: /Users/palash/Development/intern/backend/src/server.ts has been modified
(node:51136) [MONGOOSE] Warning: Duplicate schema index on {"email":1} found. This is often due to declaring an index using both "index: true" and "schema.index()". Please remove the duplicate index definition.
(Use `node --trace-warnings ...` to show where the warning was created)
(node:51136) [MONGOOSE] Warning: Duplicate schema index on {"role":1} found. This is often due to declaring an index using both "index: true" and "schema.index()". Please remove the duplicate index definition.
(node:51136) [MONGOOSE] Warning: Duplicate schema index on {"userId":1} found. This is often due to declaring an index using both "index: true" and "schema.index()". Please remove the duplicate index definition.
2025-12-15 00:58:25 [[31merror[39m]: ❌ Port 5001 is already in use. Please run: npm run kill-port {"service":"healthlife-backend"}
error: ❌ Port 5001 is already in use. Please run: npm run kill-port {"service":"healthlife-backend","timestamp":"2025-12-15 00:58:25"}
2025-12-15 00:58:25 [[31merror[39m]:    Or manually kill the process: lsof -ti:5001 | xargs kill -9 {"service":"healthlife-backend"}
error:    Or manually kill the process: lsof -ti:5001 | xargs kill -9 {"service":"healthlife-backend","timestamp":"2025-12-15 00:58:25"}
[INFO] 00:59:09 Restarting: /Users/palash/Development/intern/backend/src/server.ts has been modified
(node:51539) [MONGOOSE] Warning: Duplicate schema index on {"email":1} found. This is often due to declaring an index using both "index: true" and "schema.index()". Please remove the duplicate index definition.
(Use `node --trace-warnings ...` to show where the warning was created)
(node:51539) [MONGOOSE] Warning: Duplicate schema index on {"role":1} found. This is often due to declaring an index using both "index: true" and "schema.index()". Please remove the duplicate index definition.
(node:51539) [MONGOOSE] Warning: Duplicate schema index on {"userId":1} found. This is often due to declaring an index using both "index: true" and "schema.index()". Please remove the duplicate index definition.
2025-12-15 00:59:11 [[31merror[39m]: ❌ Port 5001 is already in use. Please run: npm run kill-port {"service":"healthlife-backend"}
error: ❌ Port 5001 is already in use. Please run: npm run kill-port {"service":"healthlife-backend","timestamp":"2025-12-15 00:59:11"}
2025-12-15 00:59:11 [[31merror[39m]:    Or manually kill the process: lsof -ti:5001 | xargs kill -9 {"service":"healthlife-backend"}
error:    Or manually kill the process: lsof -ti:5001 | xargs kill -9 {"service":"healthlife-backend","timestamp":"2025-12-15 00:59:11"}
[INFO] 13:56:23 Restarting: /Users/palash/Development/intern/backend/src/controllers/patient.controller.ts has been modified
(node:85635) [MONGOOSE] Warning: Duplicate schema index on {"email":1} found. This is often due to declaring an index using both "index: true" and "schema.index()". Please remove the duplicate index definition.
(Use `node --trace-warnings ...` to show where the warning was created)
(node:85635) [MONGOOSE] Warning: Duplicate schema index on {"role":1} found. This is often due to declaring an index using both "index: true" and "schema.index()". Please remove the duplicate index definition.
(node:85635) [MONGOOSE] Warning: Duplicate schema index on {"userId":1} found. This is often due to declaring an index using both "index: true" and "schema.index()". Please remove the duplicate index definition.
2025-12-15 13:56:25 [[31merror[39m]: ❌ Port 5001 is already in use. Please run: npm run kill-port {"service":"healthlife-backend"}
error: ❌ Port 5001 is already in use. Please run: npm run kill-port {"service":"healthlife-backend","timestamp":"2025-12-15 13:56:25"}
2025-12-15 13:56:25 [[31merror[39m]:    Or manually kill the process: lsof -ti:5001 | xargs kill -9 {"service":"healthlife-backend"}
error:    Or manually kill the process: lsof -ti:5001 | xargs kill -9 {"service":"healthlife-backend","timestamp":"2025-12-15 13:56:25"}
[INFO] 13:56:27 Restarting: /Users/palash/Development/intern/backend/src/routes/patient.routes.ts has been modified
(node:85681) [MONGOOSE] Warning: Duplicate schema index on {"email":1} found. This is often due to declaring an index using both "index: true" and "schema.index()". Please remove the duplicate index definition.
(Use `node --trace-warnings ...` to show where the warning was created)
(node:85681) [MONGOOSE] Warning: Duplicate schema index on {"role":1} found. This is often due to declaring an index using both "index: true" and "schema.index()". Please remove the duplicate index definition.
(node:85681) [MONGOOSE] Warning: Duplicate schema index on {"userId":1} found. This is often due to declaring an index using both "index: true" and "schema.index()". Please remove the duplicate index definition.
2025-12-15 13:56:28 [[31merror[39m]: ❌ Port 5001 is already in use. Please run: npm run kill-port {"service":"healthlife-backend"}
error: ❌ Port 5001 is already in use. Please run: npm run kill-port {"service":"healthlife-backend","timestamp":"2025-12-15 13:56:28"}
2025-12-15 13:56:28 [[31merror[39m]:    Or manually kill the process: lsof -ti:5001 | xargs kill -9 {"service":"healthlife-backend"}
error:    Or manually kill the process: lsof -ti:5001 | xargs kill -9 {"service":"healthlife-backend","timestamp":"2025-12-15 13:56:28"}
[INFO] 13:56:29 Restarting: /Users/palash/Development/intern/backend/src/routes/patient.routes.ts has been modified
(node:85711) [MONGOOSE] Warning: Duplicate schema index on {"email":1} found. This is often due to declaring an index using both "index: true" and "schema.index()". Please remove the duplicate index definition.
(Use `node --trace-warnings ...` to show where the warning was created)
(node:85711) [MONGOOSE] Warning: Duplicate schema index on {"role":1} found. This is often due to declaring an index using both "index: true" and "schema.index()". Please remove the duplicate index definition.
(node:85711) [MONGOOSE] Warning: Duplicate schema index on {"userId":1} found. This is often due to declaring an index using both "index: true" and "schema.index()". Please remove the duplicate index definition.
2025-12-15 13:56:30 [[32minfo[39m]: 🚀 Server running on port 5001 {"service":"healthlife-backend"}
info: 🚀 Server running on port 5001 {"service":"healthlife-backend","timestamp":"2025-12-15 13:56:30"}
2025-12-15 13:56:30 [[32minfo[39m]: 📡 Environment: development {"service":"healthlife-backend"}
info: 📡 Environment: development {"service":"healthlife-backend","timestamp":"2025-12-15 13:56:30"}
(node:85711) NOTE: The AWS SDK for JavaScript (v2) is in maintenance mode.
 SDK releases are limited to address critical bug fixes and security issues only.

Please migrate your code to use AWS SDK for JavaScript (v3).
For more information, check the blog post at https://a.co/cUPnyil
2025-12-15 13:56:30 [[32minfo[39m]: ✅ MongoDB connected successfully {"service":"healthlife-backend"}
info: ✅ MongoDB connected successfully {"service":"healthlife-backend","timestamp":"2025-12-15 13:56:30"}
2025-12-15 13:56:30 [[32minfo[39m]: ✅ PostgreSQL connected successfully {"service":"healthlife-backend"}
info: ✅ PostgreSQL connected successfully {"service":"healthlife-backend","timestamp":"2025-12-15 13:56:30"}
[INFO] 13:57:08 Restarting: /Users/palash/Development/intern/backend/src/controllers/patient.controller.ts has been modified
(node:86073) [MONGOOSE] Warning: Duplicate schema index on {"email":1} found. This is often due to declaring an index using both "index: true" and "schema.index()". Please remove the duplicate index definition.
(Use `node --trace-warnings ...` to show where the warning was created)
(node:86073) [MONGOOSE] Warning: Duplicate schema index on {"role":1} found. This is often due to declaring an index using both "index: true" and "schema.index()". Please remove the duplicate index definition.
(node:86073) [MONGOOSE] Warning: Duplicate schema index on {"userId":1} found. This is often due to declaring an index using both "index: true" and "schema.index()". Please remove the duplicate index definition.
2025-12-15 13:57:10 [[31merror[39m]: ❌ Port 5001 is already in use. Please run: npm run kill-port {"service":"healthlife-backend"}
error: ❌ Port 5001 is already in use. Please run: npm run kill-port {"service":"healthlife-backend","timestamp":"2025-12-15 13:57:10"}
2025-12-15 13:57:10 [[31merror[39m]:    Or manually kill the process: lsof -ti:5001 | xargs kill -9 {"service":"healthlife-backend"}
error:    Or manually kill the process: lsof -ti:5001 | xargs kill -9 {"service":"healthlife-backend","timestamp":"2025-12-15 13:57:10"}
[INFO] 13:57:23 Restarting: /Users/palash/Development/intern/backend/src/controllers/patient.controller.ts has been modified
(node:86220) [MONGOOSE] Warning: Duplicate schema index on {"email":1} found. This is often due to declaring an index using both "index: true" and "schema.index()". Please remove the duplicate index definition.
(Use `node --trace-warnings ...` to show where the warning was created)
(node:86220) [MONGOOSE] Warning: Duplicate schema index on {"role":1} found. This is often due to declaring an index using both "index: true" and "schema.index()". Please remove the duplicate index definition.
(node:86220) [MONGOOSE] Warning: Duplicate schema index on {"userId":1} found. This is often due to declaring an index using both "index: true" and "schema.index()". Please remove the duplicate index definition.
2025-12-15 13:57:26 [[32minfo[39m]: 🚀 Server running on port 5001 {"service":"healthlife-backend"}
info: 🚀 Server running on port 5001 {"service":"healthlife-backend","timestamp":"2025-12-15 13:57:26"}
2025-12-15 13:57:26 [[32minfo[39m]: 📡 Environment: development {"service":"healthlife-backend"}
info: 📡 Environment: development {"service":"healthlife-backend","timestamp":"2025-12-15 13:57:26"}
(node:86220) NOTE: The AWS SDK for JavaScript (v2) is in maintenance mode.
 SDK releases are limited to address critical bug fixes and security issues only.

Please migrate your code to use AWS SDK for JavaScript (v3).
For more information, check the blog post at https://a.co/cUPnyil
2025-12-15 13:57:26 [[32minfo[39m]: ✅ MongoDB connected successfully {"service":"healthlife-backend"}
info: ✅ MongoDB connected successfully {"service":"healthlife-backend","timestamp":"2025-12-15 13:57:26"}
2025-12-15 13:57:26 [[32minfo[39m]: ✅ PostgreSQL connected successfully {"service":"healthlife-backend"}
info: ✅ PostgreSQL connected successfully {"service":"healthlife-backend","timestamp":"2025-12-15 13:57:26"}
2025-12-15 13:58:43 [[32minfo[39m]: ::1 - - [15/Dec/2025:07:58:43 +0000] "GET /api/patients/profile HTTP/1.1" 304 - "http://localhost:3000/" "Mozilla/5.0 (Macintosh; Intel Mac OS X 10_15_7) AppleWebKit/537.36 (KHTML, like Gecko) Cursor/2.2.20 Chrome/138.0.7204.251 Electron/37.7.0 Safari/537.36" {"service":"healthlife-backend"}
info: ::1 - - [15/Dec/2025:07:58:43 +0000] "GET /api/patients/profile HTTP/1.1" 304 - "http://localhost:3000/" "Mozilla/5.0 (Macintosh; Intel Mac OS X 10_15_7) AppleWebKit/537.36 (KHTML, like Gecko) Cursor/2.2.20 Chrome/138.0.7204.251 Electron/37.7.0 Safari/537.36" {"service":"healthlife-backend","timestamp":"2025-12-15 13:58:43"}
2025-12-15 13:58:43 [[32minfo[39m]: ::1 - - [15/Dec/2025:07:58:43 +0000] "GET /api/patients/profile HTTP/1.1" 304 - "http://localhost:3000/" "Mozilla/5.0 (Macintosh; Intel Mac OS X 10_15_7) AppleWebKit/537.36 (KHTML, like Gecko) Cursor/2.2.20 Chrome/138.0.7204.251 Electron/37.7.0 Safari/537.36" {"service":"healthlife-backend"}
info: ::1 - - [15/Dec/2025:07:58:43 +0000] "GET /api/patients/profile HTTP/1.1" 304 - "http://localhost:3000/" "Mozilla/5.0 (Macintosh; Intel Mac OS X 10_15_7) AppleWebKit/537.36 (KHTML, like Gecko) Cursor/2.2.20 Chrome/138.0.7204.251 Electron/37.7.0 Safari/537.36" {"service":"healthlife-backend","timestamp":"2025-12-15 13:58:43"}
2025-12-15 13:58:43 [[32minfo[39m]: ::1 - - [15/Dec/2025:07:58:43 +0000] "GET /api/patients/ehr? HTTP/1.1" 304 - "http://localhost:3000/" "Mozilla/5.0 (Macintosh; Intel Mac OS X 10_15_7) AppleWebKit/537.36 (KHTML, like Gecko) Cursor/2.2.20 Chrome/138.0.7204.251 Electron/37.7.0 Safari/537.36" {"service":"healthlife-backend"}
info: ::1 - - [15/Dec/2025:07:58:43 +0000] "GET /api/patients/ehr? HTTP/1.1" 304 - "http://localhost:3000/" "Mozilla/5.0 (Macintosh; Intel Mac OS X 10_15_7) AppleWebKit/537.36 (KHTML, like Gecko) Cursor/2.2.20 Chrome/138.0.7204.251 Electron/37.7.0 Safari/537.36" {"service":"healthlife-backend","timestamp":"2025-12-15 13:58:43"}
2025-12-15 13:58:43 [[32minfo[39m]: ::1 - - [15/Dec/2025:07:58:43 +0000] "GET /api/patients/ehr? HTTP/1.1" 304 - "http://localhost:3000/" "Mozilla/5.0 (Macintosh; Intel Mac OS X 10_15_7) AppleWebKit/537.36 (KHTML, like Gecko) Cursor/2.2.20 Chrome/138.0.7204.251 Electron/37.7.0 Safari/537.36" {"service":"healthlife-backend"}
info: ::1 - - [15/Dec/2025:07:58:43 +0000] "GET /api/patients/ehr? HTTP/1.1" 304 - "http://localhost:3000/" "Mozilla/5.0 (Macintosh; Intel Mac OS X 10_15_7) AppleWebKit/537.36 (KHTML, like Gecko) Cursor/2.2.20 Chrome/138.0.7204.251 Electron/37.7.0 Safari/537.36" {"service":"healthlife-backend","timestamp":"2025-12-15 13:58:43"}
2025-12-15 13:58:52 [[32minfo[39m]: ::1 - - [15/Dec/2025:07:58:52 +0000] "GET /api/patients/profile HTTP/1.1" 304 - "http://localhost:3000/" "Mozilla/5.0 (Macintosh; Intel Mac OS X 10_15_7) AppleWebKit/537.36 (KHTML, like Gecko) Chrome/143.0.0.0 Safari/537.36" {"service":"healthlife-backend"}
info: ::1 - - [15/Dec/2025:07:58:52 +0000] "GET /api/patients/profile HTTP/1.1" 304 - "http://localhost:3000/" "Mozilla/5.0 (Macintosh; Intel Mac OS X 10_15_7) AppleWebKit/537.36 (KHTML, like Gecko) Chrome/143.0.0.0 Safari/537.36" {"service":"healthlife-backend","timestamp":"2025-12-15 13:58:52"}
2025-12-15 13:58:52 [[32minfo[39m]: ::1 - - [15/Dec/2025:07:58:52 +0000] "GET /api/patients/profile HTTP/1.1" 304 - "http://localhost:3000/" "Mozilla/5.0 (Macintosh; Intel Mac OS X 10_15_7) AppleWebKit/537.36 (KHTML, like Gecko) Chrome/143.0.0.0 Safari/537.36" {"service":"healthlife-backend"}
info: ::1 - - [15/Dec/2025:07:58:52 +0000] "GET /api/patients/profile HTTP/1.1" 304 - "http://localhost:3000/" "Mozilla/5.0 (Macintosh; Intel Mac OS X 10_15_7) AppleWebKit/537.36 (KHTML, like Gecko) Chrome/143.0.0.0 Safari/537.36" {"service":"healthlife-backend","timestamp":"2025-12-15 13:58:52"}
2025-12-15 13:58:52 [[32minfo[39m]: ::1 - - [15/Dec/2025:07:58:52 +0000] "GET /api/patients/ehr? HTTP/1.1" 304 - "http://localhost:3000/" "Mozilla/5.0 (Macintosh; Intel Mac OS X 10_15_7) AppleWebKit/537.36 (KHTML, like Gecko) Chrome/143.0.0.0 Safari/537.36" {"service":"healthlife-backend"}
info: ::1 - - [15/Dec/2025:07:58:52 +0000] "GET /api/patients/ehr? HTTP/1.1" 304 - "http://localhost:3000/" "Mozilla/5.0 (Macintosh; Intel Mac OS X 10_15_7) AppleWebKit/537.36 (KHTML, like Gecko) Chrome/143.0.0.0 Safari/537.36" {"service":"healthlife-backend","timestamp":"2025-12-15 13:58:52"}
2025-12-15 13:58:52 [[32minfo[39m]: ::1 - - [15/Dec/2025:07:58:52 +0000] "GET /api/patients/ehr? HTTP/1.1" 304 - "http://localhost:3000/" "Mozilla/5.0 (Macintosh; Intel Mac OS X 10_15_7) AppleWebKit/537.36 (KHTML, like Gecko) Chrome/143.0.0.0 Safari/537.36" {"service":"healthlife-backend"}
info: ::1 - - [15/Dec/2025:07:58:52 +0000] "GET /api/patients/ehr? HTTP/1.1" 304 - "http://localhost:3000/" "Mozilla/5.0 (Macintosh; Intel Mac OS X 10_15_7) AppleWebKit/537.36 (KHTML, like Gecko) Chrome/143.0.0.0 Safari/537.36" {"service":"healthlife-backend","timestamp":"2025-12-15 13:58:52"}
2025-12-15 14:00:39 [[32minfo[39m]: ::1 - - [15/Dec/2025:08:00:39 +0000] "GET /api/patients/profile HTTP/1.1" 304 - "http://localhost:3000/" "Mozilla/5.0 (Macintosh; Intel Mac OS X 10_15_7) AppleWebKit/537.36 (KHTML, like Gecko) Chrome/143.0.0.0 Safari/537.36" {"service":"healthlife-backend"}
info: ::1 - - [15/Dec/2025:08:00:39 +0000] "GET /api/patients/profile HTTP/1.1" 304 - "http://localhost:3000/" "Mozilla/5.0 (Macintosh; Intel Mac OS X 10_15_7) AppleWebKit/537.36 (KHTML, like Gecko) Chrome/143.0.0.0 Safari/537.36" {"service":"healthlife-backend","timestamp":"2025-12-15 14:00:39"}
2025-12-15 14:00:39 [[32minfo[39m]: ::1 - - [15/Dec/2025:08:00:39 +0000] "GET /api/patients/profile HTTP/1.1" 304 - "http://localhost:3000/" "Mozilla/5.0 (Macintosh; Intel Mac OS X 10_15_7) AppleWebKit/537.36 (KHTML, like Gecko) Chrome/143.0.0.0 Safari/537.36" {"service":"healthlife-backend"}
info: ::1 - - [15/Dec/2025:08:00:39 +0000] "GET /api/patients/profile HTTP/1.1" 304 - "http://localhost:3000/" "Mozilla/5.0 (Macintosh; Intel Mac OS X 10_15_7) AppleWebKit/537.36 (KHTML, like Gecko) Chrome/143.0.0.0 Safari/537.36" {"service":"healthlife-backend","timestamp":"2025-12-15 14:00:39"}
2025-12-15 14:00:39 [[32minfo[39m]: ::1 - - [15/Dec/2025:08:00:39 +0000] "GET /api/patients/ehr? HTTP/1.1" 304 - "http://localhost:3000/" "Mozilla/5.0 (Macintosh; Intel Mac OS X 10_15_7) AppleWebKit/537.36 (KHTML, like Gecko) Chrome/143.0.0.0 Safari/537.36" {"service":"healthlife-backend"}
info: ::1 - - [15/Dec/2025:08:00:39 +0000] "GET /api/patients/ehr? HTTP/1.1" 304 - "http://localhost:3000/" "Mozilla/5.0 (Macintosh; Intel Mac OS X 10_15_7) AppleWebKit/537.36 (KHTML, like Gecko) Chrome/143.0.0.0 Safari/537.36" {"service":"healthlife-backend","timestamp":"2025-12-15 14:00:39"}
2025-12-15 14:00:39 [[32minfo[39m]: ::1 - - [15/Dec/2025:08:00:39 +0000] "GET /api/patients/ehr? HTTP/1.1" 304 - "http://localhost:3000/" "Mozilla/5.0 (Macintosh; Intel Mac OS X 10_15_7) AppleWebKit/537.36 (KHTML, like Gecko) Chrome/143.0.0.0 Safari/537.36" {"service":"healthlife-backend"}
info: ::1 - - [15/Dec/2025:08:00:39 +0000] "GET /api/patients/ehr? HTTP/1.1" 304 - "http://localhost:3000/" "Mozilla/5.0 (Macintosh; Intel Mac OS X 10_15_7) AppleWebKit/537.36 (KHTML, like Gecko) Chrome/143.0.0.0 Safari/537.36" {"service":"healthlife-backend","timestamp":"2025-12-15 14:00:39"}
2025-12-15 14:00:42 [[31merror[39m]: [object Object] {"service":"healthlife-backend"}
error: [object Object] {"service":"healthlife-backend","timestamp":"2025-12-15 14:00:42"}
2025-12-15 14:00:42 [[32minfo[39m]: ::1 - - [15/Dec/2025:08:00:42 +0000] "POST /api/patients/prescriptions/693fbc2f43563648a3aea116/generate-pdf HTTP/1.1" 500 - "http://localhost:3000/" "Mozilla/5.0 (Macintosh; Intel Mac OS X 10_15_7) AppleWebKit/537.36 (KHTML, like Gecko) Chrome/143.0.0.0 Safari/537.36" {"service":"healthlife-backend"}
info: ::1 - - [15/Dec/2025:08:00:42 +0000] "POST /api/patients/prescriptions/693fbc2f43563648a3aea116/generate-pdf HTTP/1.1" 500 - "http://localhost:3000/" "Mozilla/5.0 (Macintosh; Intel Mac OS X 10_15_7) AppleWebKit/537.36 (KHTML, like Gecko) Chrome/143.0.0.0 Safari/537.36" {"service":"healthlife-backend","timestamp":"2025-12-15 14:00:42"}
2025-12-15 14:02:39 [[32minfo[39m]: ::1 - - [15/Dec/2025:08:02:39 +0000] "GET /api/patients/profile HTTP/1.1" 304 - "http://localhost:3000/" "Mozilla/5.0 (Macintosh; Intel Mac OS X 10_15_7) AppleWebKit/537.36 (KHTML, like Gecko) Chrome/143.0.0.0 Safari/537.36" {"service":"healthlife-backend"}
info: ::1 - - [15/Dec/2025:08:02:39 +0000] "GET /api/patients/profile HTTP/1.1" 304 - "http://localhost:3000/" "Mozilla/5.0 (Macintosh; Intel Mac OS X 10_15_7) AppleWebKit/537.36 (KHTML, like Gecko) Chrome/143.0.0.0 Safari/537.36" {"service":"healthlife-backend","timestamp":"2025-12-15 14:02:39"}
2025-12-15 14:02:39 [[32minfo[39m]: ::1 - - [15/Dec/2025:08:02:39 +0000] "GET /api/patients/profile HTTP/1.1" 304 - "http://localhost:3000/" "Mozilla/5.0 (Macintosh; Intel Mac OS X 10_15_7) AppleWebKit/537.36 (KHTML, like Gecko) Chrome/143.0.0.0 Safari/537.36" {"service":"healthlife-backend"}
info: ::1 - - [15/Dec/2025:08:02:39 +0000] "GET /api/patients/profile HTTP/1.1" 304 - "http://localhost:3000/" "Mozilla/5.0 (Macintosh; Intel Mac OS X 10_15_7) AppleWebKit/537.36 (KHTML, like Gecko) Chrome/143.0.0.0 Safari/537.36" {"service":"healthlife-backend","timestamp":"2025-12-15 14:02:39"}
2025-12-15 14:02:39 [[32minfo[39m]: ::1 - - [15/Dec/2025:08:02:39 +0000] "GET /api/patients/ehr? HTTP/1.1" 304 - "http://localhost:3000/" "Mozilla/5.0 (Macintosh; Intel Mac OS X 10_15_7) AppleWebKit/537.36 (KHTML, like Gecko) Chrome/143.0.0.0 Safari/537.36" {"service":"healthlife-backend"}
info: ::1 - - [15/Dec/2025:08:02:39 +0000] "GET /api/patients/ehr? HTTP/1.1" 304 - "http://localhost:3000/" "Mozilla/5.0 (Macintosh; Intel Mac OS X 10_15_7) AppleWebKit/537.36 (KHTML, like Gecko) Chrome/143.0.0.0 Safari/537.36" {"service":"healthlife-backend","timestamp":"2025-12-15 14:02:39"}
2025-12-15 14:02:40 [[32minfo[39m]: ::1 - - [15/Dec/2025:08:02:40 +0000] "GET /api/patients/ehr? HTTP/1.1" 304 - "http://localhost:3000/" "Mozilla/5.0 (Macintosh; Intel Mac OS X 10_15_7) AppleWebKit/537.36 (KHTML, like Gecko) Chrome/143.0.0.0 Safari/537.36" {"service":"healthlife-backend"}
info: ::1 - - [15/Dec/2025:08:02:40 +0000] "GET /api/patients/ehr? HTTP/1.1" 304 - "http://localhost:3000/" "Mozilla/5.0 (Macintosh; Intel Mac OS X 10_15_7) AppleWebKit/537.36 (KHTML, like Gecko) Chrome/143.0.0.0 Safari/537.36" {"service":"healthlife-backend","timestamp":"2025-12-15 14:02:40"}
2025-12-15 14:02:42 [[31merror[39m]: [object Object] {"service":"healthlife-backend"}
error: [object Object] {"service":"healthlife-backend","timestamp":"2025-12-15 14:02:42"}
2025-12-15 14:02:42 [[32minfo[39m]: ::1 - - [15/Dec/2025:08:02:42 +0000] "POST /api/patients/prescriptions/693fbc2f43563648a3aea116/generate-pdf HTTP/1.1" 500 - "http://localhost:3000/" "Mozilla/5.0 (Macintosh; Intel Mac OS X 10_15_7) AppleWebKit/537.36 (KHTML, like Gecko) Chrome/143.0.0.0 Safari/537.36" {"service":"healthlife-backend"}
info: ::1 - - [15/Dec/2025:08:02:42 +0000] "POST /api/patients/prescriptions/693fbc2f43563648a3aea116/generate-pdf HTTP/1.1" 500 - "http://localhost:3000/" "Mozilla/5.0 (Macintosh; Intel Mac OS X 10_15_7) AppleWebKit/537.36 (KHTML, like Gecko) Chrome/143.0.0.0 Safari/537.36" {"service":"healthlife-backend","timestamp":"2025-12-15 14:02:42"}
[INFO] 14:03:11 Restarting: /Users/palash/Development/intern/backend/src/controllers/patient.controller.ts has been modified
(node:89224) [MONGOOSE] Warning: Duplicate schema index on {"email":1} found. This is often due to declaring an index using both "index: true" and "schema.index()". Please remove the duplicate index definition.
(Use `node --trace-warnings ...` to show where the warning was created)
(node:89224) [MONGOOSE] Warning: Duplicate schema index on {"role":1} found. This is often due to declaring an index using both "index: true" and "schema.index()". Please remove the duplicate index definition.
(node:89224) [MONGOOSE] Warning: Duplicate schema index on {"userId":1} found. This is often due to declaring an index using both "index: true" and "schema.index()". Please remove the duplicate index definition.
2025-12-15 14:03:12 [[31merror[39m]: ❌ Port 5001 is already in use. Please run: npm run kill-port {"service":"healthlife-backend"}
error: ❌ Port 5001 is already in use. Please run: npm run kill-port {"service":"healthlife-backend","timestamp":"2025-12-15 14:03:12"}
2025-12-15 14:03:12 [[31merror[39m]:    Or manually kill the process: lsof -ti:5001 | xargs kill -9 {"service":"healthlife-backend"}
error:    Or manually kill the process: lsof -ti:5001 | xargs kill -9 {"service":"healthlife-backend","timestamp":"2025-12-15 14:03:12"}
[INFO] 14:03:46 Restarting: /Users/palash/Development/intern/backend/src/controllers/patient.controller.ts has been modified
(node:89541) [MONGOOSE] Warning: Duplicate schema index on {"email":1} found. This is often due to declaring an index using both "index: true" and "schema.index()". Please remove the duplicate index definition.
(Use `node --trace-warnings ...` to show where the warning was created)
(node:89541) [MONGOOSE] Warning: Duplicate schema index on {"role":1} found. This is often due to declaring an index using both "index: true" and "schema.index()". Please remove the duplicate index definition.
(node:89541) [MONGOOSE] Warning: Duplicate schema index on {"userId":1} found. This is often due to declaring an index using both "index: true" and "schema.index()". Please remove the duplicate index definition.
2025-12-15 14:03:48 [[31merror[39m]: ❌ Port 5001 is already in use. Please run: npm run kill-port {"service":"healthlife-backend"}
error: ❌ Port 5001 is already in use. Please run: npm run kill-port {"service":"healthlife-backend","timestamp":"2025-12-15 14:03:48"}
2025-12-15 14:03:48 [[31merror[39m]:    Or manually kill the process: lsof -ti:5001 | xargs kill -9 {"service":"healthlife-backend"}
error:    Or manually kill the process: lsof -ti:5001 | xargs kill -9 {"service":"healthlife-backend","timestamp":"2025-12-15 14:03:48"}
[INFO] 14:03:48 Restarting: /Users/palash/Development/intern/backend/src/controllers/patient.controller.ts has been modified
(node:89563) [MONGOOSE] Warning: Duplicate schema index on {"email":1} found. This is often due to declaring an index using both "index: true" and "schema.index()". Please remove the duplicate index definition.
(Use `node --trace-warnings ...` to show where the warning was created)
(node:89563) [MONGOOSE] Warning: Duplicate schema index on {"role":1} found. This is often due to declaring an index using both "index: true" and "schema.index()". Please remove the duplicate index definition.
(node:89563) [MONGOOSE] Warning: Duplicate schema index on {"userId":1} found. This is often due to declaring an index using both "index: true" and "schema.index()". Please remove the duplicate index definition.
2025-12-15 14:03:51 [[31merror[39m]: ❌ Port 5001 is already in use. Please run: npm run kill-port {"service":"healthlife-backend"}
error: ❌ Port 5001 is already in use. Please run: npm run kill-port {"service":"healthlife-backend","timestamp":"2025-12-15 14:03:51"}
2025-12-15 14:03:51 [[31merror[39m]:    Or manually kill the process: lsof -ti:5001 | xargs kill -9 {"service":"healthlife-backend"}
error:    Or manually kill the process: lsof -ti:5001 | xargs kill -9 {"service":"healthlife-backend","timestamp":"2025-12-15 14:03:51"}
[INFO] 14:04:02 Restarting: /Users/palash/Development/intern/backend/src/controllers/patient.controller.ts has been modified
(node:89702) [MONGOOSE] Warning: Duplicate schema index on {"email":1} found. This is often due to declaring an index using both "index: true" and "schema.index()". Please remove the duplicate index definition.
(Use `node --trace-warnings ...` to show where the warning was created)
(node:89702) [MONGOOSE] Warning: Duplicate schema index on {"role":1} found. This is often due to declaring an index using both "index: true" and "schema.index()". Please remove the duplicate index definition.
(node:89702) [MONGOOSE] Warning: Duplicate schema index on {"userId":1} found. This is often due to declaring an index using both "index: true" and "schema.index()". Please remove the duplicate index definition.
2025-12-15 14:04:04 [[31merror[39m]: ❌ Port 5001 is already in use. Please run: npm run kill-port {"service":"healthlife-backend"}
error: ❌ Port 5001 is already in use. Please run: npm run kill-port {"service":"healthlife-backend","timestamp":"2025-12-15 14:04:04"}
2025-12-15 14:04:04 [[31merror[39m]:    Or manually kill the process: lsof -ti:5001 | xargs kill -9 {"service":"healthlife-backend"}
error:    Or manually kill the process: lsof -ti:5001 | xargs kill -9 {"service":"healthlife-backend","timestamp":"2025-12-15 14:04:04"}
[INFO] 14:05:19 Restarting: /Users/palash/Development/intern/backend/src/controllers/patient.controller.ts has been modified
(node:90367) [MONGOOSE] Warning: Duplicate schema index on {"email":1} found. This is often due to declaring an index using both "index: true" and "schema.index()". Please remove the duplicate index definition.
(Use `node --trace-warnings ...` to show where the warning was created)
(node:90367) [MONGOOSE] Warning: Duplicate schema index on {"role":1} found. This is often due to declaring an index using both "index: true" and "schema.index()". Please remove the duplicate index definition.
(node:90367) [MONGOOSE] Warning: Duplicate schema index on {"userId":1} found. This is often due to declaring an index using both "index: true" and "schema.index()". Please remove the duplicate index definition.
2025-12-15 14:05:20 [[31merror[39m]: ❌ Port 5001 is already in use. Please run: npm run kill-port {"service":"healthlife-backend"}
error: ❌ Port 5001 is already in use. Please run: npm run kill-port {"service":"healthlife-backend","timestamp":"2025-12-15 14:05:20"}
2025-12-15 14:05:20 [[31merror[39m]:    Or manually kill the process: lsof -ti:5001 | xargs kill -9 {"service":"healthlife-backend"}
error:    Or manually kill the process: lsof -ti:5001 | xargs kill -9 {"service":"healthlife-backend","timestamp":"2025-12-15 14:05:20"}
[INFO] 14:05:46 Restarting: /Users/palash/Development/intern/backend/src/controllers/patient.controller.ts has been modified
(node:90617) [MONGOOSE] Warning: Duplicate schema index on {"email":1} found. This is often due to declaring an index using both "index: true" and "schema.index()". Please remove the duplicate index definition.
(Use `node --trace-warnings ...` to show where the warning was created)
(node:90617) [MONGOOSE] Warning: Duplicate schema index on {"role":1} found. This is often due to declaring an index using both "index: true" and "schema.index()". Please remove the duplicate index definition.
(node:90617) [MONGOOSE] Warning: Duplicate schema index on {"userId":1} found. This is often due to declaring an index using both "index: true" and "schema.index()". Please remove the duplicate index definition.
2025-12-15 14:05:48 [[31merror[39m]: ❌ Port 5001 is already in use. Please run: npm run kill-port {"service":"healthlife-backend"}
error: ❌ Port 5001 is already in use. Please run: npm run kill-port {"service":"healthlife-backend","timestamp":"2025-12-15 14:05:48"}
2025-12-15 14:05:48 [[31merror[39m]:    Or manually kill the process: lsof -ti:5001 | xargs kill -9 {"service":"healthlife-backend"}
error:    Or manually kill the process: lsof -ti:5001 | xargs kill -9 {"service":"healthlife-backend","timestamp":"2025-12-15 14:05:48"}
[INFO] 14:05:57 Restarting: /Users/palash/Development/intern/backend/src/controllers/patient.controller.ts has been modified
(node:90725) [MONGOOSE] Warning: Duplicate schema index on {"email":1} found. This is often due to declaring an index using both "index: true" and "schema.index()". Please remove the duplicate index definition.
(Use `node --trace-warnings ...` to show where the warning was created)
(node:90725) [MONGOOSE] Warning: Duplicate schema index on {"role":1} found. This is often due to declaring an index using both "index: true" and "schema.index()". Please remove the duplicate index definition.
(node:90725) [MONGOOSE] Warning: Duplicate schema index on {"userId":1} found. This is often due to declaring an index using both "index: true" and "schema.index()". Please remove the duplicate index definition.
2025-12-15 14:05:59 [[31merror[39m]: ❌ Port 5001 is already in use. Please run: npm run kill-port {"service":"healthlife-backend"}
error: ❌ Port 5001 is already in use. Please run: npm run kill-port {"service":"healthlife-backend","timestamp":"2025-12-15 14:05:59"}
2025-12-15 14:05:59 [[31merror[39m]:    Or manually kill the process: lsof -ti:5001 | xargs kill -9 {"service":"healthlife-backend"}
error:    Or manually kill the process: lsof -ti:5001 | xargs kill -9 {"service":"healthlife-backend","timestamp":"2025-12-15 14:05:59"}
[INFO] 22:31:35 Restarting: /Users/palash/Development/intern/backend/src/controllers/lab.controller.ts has been modified
(node:32810) [MONGOOSE] Warning: Duplicate schema index on {"email":1} found. This is often due to declaring an index using both "index: true" and "schema.index()". Please remove the duplicate index definition.
(Use `node --trace-warnings ...` to show where the warning was created)
(node:32810) [MONGOOSE] Warning: Duplicate schema index on {"role":1} found. This is often due to declaring an index using both "index: true" and "schema.index()". Please remove the duplicate index definition.
(node:32810) [MONGOOSE] Warning: Duplicate schema index on {"userId":1} found. This is often due to declaring an index using both "index: true" and "schema.index()". Please remove the duplicate index definition.
2025-12-15 22:31:37 [[31merror[39m]: ❌ Port 5001 is already in use. Please run: npm run kill-port {"service":"healthlife-backend"}
error: ❌ Port 5001 is already in use. Please run: npm run kill-port {"service":"healthlife-backend","timestamp":"2025-12-15 22:31:37"}
2025-12-15 22:31:37 [[31merror[39m]:    Or manually kill the process: lsof -ti:5001 | xargs kill -9 {"service":"healthlife-backend"}
error:    Or manually kill the process: lsof -ti:5001 | xargs kill -9 {"service":"healthlife-backend","timestamp":"2025-12-15 22:31:37"}
[INFO] 22:31:59 Restarting: /Users/palash/Development/intern/backend/src/controllers/lab.controller.ts has been modified
(node:33022) [MONGOOSE] Warning: Duplicate schema index on {"email":1} found. This is often due to declaring an index using both "index: true" and "schema.index()". Please remove the duplicate index definition.
(Use `node --trace-warnings ...` to show where the warning was created)
(node:33022) [MONGOOSE] Warning: Duplicate schema index on {"role":1} found. This is often due to declaring an index using both "index: true" and "schema.index()". Please remove the duplicate index definition.
(node:33022) [MONGOOSE] Warning: Duplicate schema index on {"userId":1} found. This is often due to declaring an index using both "index: true" and "schema.index()". Please remove the duplicate index definition.
2025-12-15 22:32:00 [[32minfo[39m]: 🚀 Server running on port 5001 {"service":"healthlife-backend"}
info: 🚀 Server running on port 5001 {"service":"healthlife-backend","timestamp":"2025-12-15 22:32:00"}
2025-12-15 22:32:00 [[32minfo[39m]: 📡 Environment: development {"service":"healthlife-backend"}
info: 📡 Environment: development {"service":"healthlife-backend","timestamp":"2025-12-15 22:32:00"}
(node:33022) NOTE: The AWS SDK for JavaScript (v2) is in maintenance mode.
 SDK releases are limited to address critical bug fixes and security issues only.

Please migrate your code to use AWS SDK for JavaScript (v3).
For more information, check the blog post at https://a.co/cUPnyil
2025-12-15 22:32:00 [[32minfo[39m]: ✅ MongoDB connected successfully {"service":"healthlife-backend"}
info: ✅ MongoDB connected successfully {"service":"healthlife-backend","timestamp":"2025-12-15 22:32:00"}
2025-12-15 22:32:00 [[32minfo[39m]: ✅ PostgreSQL connected successfully {"service":"healthlife-backend"}
info: ✅ PostgreSQL connected successfully {"service":"healthlife-backend","timestamp":"2025-12-15 22:32:00"}
[INFO] 22:32:07 Restarting: /Users/palash/Development/intern/backend/src/routes/lab.routes.ts has been modified
(node:33113) [MONGOOSE] Warning: Duplicate schema index on {"email":1} found. This is often due to declaring an index using both "index: true" and "schema.index()". Please remove the duplicate index definition.
(Use `node --trace-warnings ...` to show where the warning was created)
(node:33113) [MONGOOSE] Warning: Duplicate schema index on {"role":1} found. This is often due to declaring an index using both "index: true" and "schema.index()". Please remove the duplicate index definition.
(node:33113) [MONGOOSE] Warning: Duplicate schema index on {"userId":1} found. This is often due to declaring an index using both "index: true" and "schema.index()". Please remove the duplicate index definition.
2025-12-15 22:32:08 [[31merror[39m]: ❌ Port 5001 is already in use. Please run: npm run kill-port {"service":"healthlife-backend"}
error: ❌ Port 5001 is already in use. Please run: npm run kill-port {"service":"healthlife-backend","timestamp":"2025-12-15 22:32:08"}
2025-12-15 22:32:08 [[31merror[39m]:    Or manually kill the process: lsof -ti:5001 | xargs kill -9 {"service":"healthlife-backend"}
error:    Or manually kill the process: lsof -ti:5001 | xargs kill -9 {"service":"healthlife-backend","timestamp":"2025-12-15 22:32:08"}
[INFO] 22:32:13 Restarting: /Users/palash/Development/intern/backend/src/routes/lab.routes.ts has been modified
(node:33182) [MONGOOSE] Warning: Duplicate schema index on {"email":1} found. This is often due to declaring an index using both "index: true" and "schema.index()". Please remove the duplicate index definition.
(Use `node --trace-warnings ...` to show where the warning was created)
(node:33182) [MONGOOSE] Warning: Duplicate schema index on {"role":1} found. This is often due to declaring an index using both "index: true" and "schema.index()". Please remove the duplicate index definition.
(node:33182) [MONGOOSE] Warning: Duplicate schema index on {"userId":1} found. This is often due to declaring an index using both "index: true" and "schema.index()". Please remove the duplicate index definition.
2025-12-15 22:32:15 [[31merror[39m]: ❌ Port 5001 is already in use. Please run: npm run kill-port {"service":"healthlife-backend"}
error: ❌ Port 5001 is already in use. Please run: npm run kill-port {"service":"healthlife-backend","timestamp":"2025-12-15 22:32:15"}
2025-12-15 22:32:15 [[31merror[39m]:    Or manually kill the process: lsof -ti:5001 | xargs kill -9 {"service":"healthlife-backend"}
error:    Or manually kill the process: lsof -ti:5001 | xargs kill -9 {"service":"healthlife-backend","timestamp":"2025-12-15 22:32:15"}
[INFO] 22:34:02 Restarting: /Users/palash/Development/intern/backend/src/controllers/lab.controller.ts has been modified
(node:34057) [MONGOOSE] Warning: Duplicate schema index on {"email":1} found. This is often due to declaring an index using both "index: true" and "schema.index()". Please remove the duplicate index definition.
(Use `node --trace-warnings ...` to show where the warning was created)
(node:34057) [MONGOOSE] Warning: Duplicate schema index on {"role":1} found. This is often due to declaring an index using both "index: true" and "schema.index()". Please remove the duplicate index definition.
(node:34057) [MONGOOSE] Warning: Duplicate schema index on {"userId":1} found. This is often due to declaring an index using both "index: true" and "schema.index()". Please remove the duplicate index definition.
2025-12-15 22:34:04 [[32minfo[39m]: 🚀 Server running on port 5001 {"service":"healthlife-backend"}
info: 🚀 Server running on port 5001 {"service":"healthlife-backend","timestamp":"2025-12-15 22:34:04"}
2025-12-15 22:34:04 [[32minfo[39m]: 📡 Environment: development {"service":"healthlife-backend"}
info: 📡 Environment: development {"service":"healthlife-backend","timestamp":"2025-12-15 22:34:04"}
(node:34057) NOTE: The AWS SDK for JavaScript (v2) is in maintenance mode.
 SDK releases are limited to address critical bug fixes and security issues only.

Please migrate your code to use AWS SDK for JavaScript (v3).
For more information, check the blog post at https://a.co/cUPnyil
2025-12-15 22:34:04 [[32minfo[39m]: ✅ MongoDB connected successfully {"service":"healthlife-backend"}
info: ✅ MongoDB connected successfully {"service":"healthlife-backend","timestamp":"2025-12-15 22:34:04"}
2025-12-15 22:34:04 [[32minfo[39m]: ✅ PostgreSQL connected successfully {"service":"healthlife-backend"}
info: ✅ PostgreSQL connected successfully {"service":"healthlife-backend","timestamp":"2025-12-15 22:34:04"}
[INFO] 22:34:48 Restarting: /Users/palash/Development/intern/backend/src/controllers/lab.controller.ts has been modified
(node:34458) [MONGOOSE] Warning: Duplicate schema index on {"email":1} found. This is often due to declaring an index using both "index: true" and "schema.index()". Please remove the duplicate index definition.
(Use `node --trace-warnings ...` to show where the warning was created)
(node:34458) [MONGOOSE] Warning: Duplicate schema index on {"role":1} found. This is often due to declaring an index using both "index: true" and "schema.index()". Please remove the duplicate index definition.
(node:34458) [MONGOOSE] Warning: Duplicate schema index on {"userId":1} found. This is often due to declaring an index using both "index: true" and "schema.index()". Please remove the duplicate index definition.
2025-12-15 22:34:50 [[32minfo[39m]: 🚀 Server running on port 5001 {"service":"healthlife-backend"}
info: 🚀 Server running on port 5001 {"service":"healthlife-backend","timestamp":"2025-12-15 22:34:50"}
2025-12-15 22:34:50 [[32minfo[39m]: 📡 Environment: development {"service":"healthlife-backend"}
info: 📡 Environment: development {"service":"healthlife-backend","timestamp":"2025-12-15 22:34:50"}
(node:34458) NOTE: The AWS SDK for JavaScript (v2) is in maintenance mode.
 SDK releases are limited to address critical bug fixes and security issues only.

Please migrate your code to use AWS SDK for JavaScript (v3).
For more information, check the blog post at https://a.co/cUPnyil
2025-12-15 22:34:50 [[32minfo[39m]: ✅ MongoDB connected successfully {"service":"healthlife-backend"}
info: ✅ MongoDB connected successfully {"service":"healthlife-backend","timestamp":"2025-12-15 22:34:50"}
2025-12-15 22:34:50 [[32minfo[39m]: ✅ PostgreSQL connected successfully {"service":"healthlife-backend"}
info: ✅ PostgreSQL connected successfully {"service":"healthlife-backend","timestamp":"2025-12-15 22:34:50"}
2025-12-15 22:38:25 [[32minfo[39m]: New user registered: lab@healthlife.com (lab) {"service":"healthlife-backend"}
info: New user registered: lab@healthlife.com (lab) {"service":"healthlife-backend","timestamp":"2025-12-15 22:38:25"}
2025-12-15 22:38:25 [[32minfo[39m]: ::1 - - [15/Dec/2025:16:38:25 +0000] "POST /api/auth/register HTTP/1.1" 201 457 "http://localhost:3000/" "Mozilla/5.0 (Macintosh; Intel Mac OS X 10_15_7) AppleWebKit/537.36 (KHTML, like Gecko) Cursor/2.2.20 Chrome/138.0.7204.251 Electron/37.7.0 Safari/537.36" {"service":"healthlife-backend"}
info: ::1 - - [15/Dec/2025:16:38:25 +0000] "POST /api/auth/register HTTP/1.1" 201 457 "http://localhost:3000/" "Mozilla/5.0 (Macintosh; Intel Mac OS X 10_15_7) AppleWebKit/537.36 (KHTML, like Gecko) Cursor/2.2.20 Chrome/138.0.7204.251 Electron/37.7.0 Safari/537.36" {"service":"healthlife-backend","timestamp":"2025-12-15 22:38:25"}
2025-12-15 22:38:58 [[32minfo[39m]: User logged in: lab@healthlife.com {"service":"healthlife-backend"}
info: User logged in: lab@healthlife.com {"service":"healthlife-backend","timestamp":"2025-12-15 22:38:58"}
2025-12-15 22:38:58 [[32minfo[39m]: ::1 - - [15/Dec/2025:16:38:58 +0000] "POST /api/auth/login HTTP/1.1" 200 464 "http://localhost:3000/" "Mozilla/5.0 (Macintosh; Intel Mac OS X 10_15_7) AppleWebKit/537.36 (KHTML, like Gecko) Cursor/2.2.20 Chrome/138.0.7204.251 Electron/37.7.0 Safari/537.36" {"service":"healthlife-backend"}
info: ::1 - - [15/Dec/2025:16:38:58 +0000] "POST /api/auth/login HTTP/1.1" 200 464 "http://localhost:3000/" "Mozilla/5.0 (Macintosh; Intel Mac OS X 10_15_7) AppleWebKit/537.36 (KHTML, like Gecko) Cursor/2.2.20 Chrome/138.0.7204.251 Electron/37.7.0 Safari/537.36" {"service":"healthlife-backend","timestamp":"2025-12-15 22:38:58"}
2025-12-15 22:44:18 [[31merror[39m]: [object Object] {"service":"healthlife-backend"}
error: [object Object] {"service":"healthlife-backend","timestamp":"2025-12-15 22:44:18"}
2025-12-15 22:44:18 [[32minfo[39m]: ::1 - - [15/Dec/2025:16:44:18 +0000] "POST /api/auth/login HTTP/1.1" 401 185 "http://localhost:3000/" "Mozilla/5.0 (Macintosh; Intel Mac OS X 10_15_7) AppleWebKit/537.36 (KHTML, like Gecko) Chrome/143.0.0.0 Safari/537.36" {"service":"healthlife-backend"}
info: ::1 - - [15/Dec/2025:16:44:18 +0000] "POST /api/auth/login HTTP/1.1" 401 185 "http://localhost:3000/" "Mozilla/5.0 (Macintosh; Intel Mac OS X 10_15_7) AppleWebKit/537.36 (KHTML, like Gecko) Chrome/143.0.0.0 Safari/537.36" {"service":"healthlife-backend","timestamp":"2025-12-15 22:44:18"}
2025-12-15 22:44:30 [[32minfo[39m]: User logged in: lab@healthlife.com {"service":"healthlife-backend"}
info: User logged in: lab@healthlife.com {"service":"healthlife-backend","timestamp":"2025-12-15 22:44:30"}
2025-12-15 22:44:30 [[32minfo[39m]: ::1 - - [15/Dec/2025:16:44:30 +0000] "POST /api/auth/login HTTP/1.1" 200 464 "http://localhost:3000/" "Mozilla/5.0 (Macintosh; Intel Mac OS X 10_15_7) AppleWebKit/537.36 (KHTML, like Gecko) Chrome/143.0.0.0 Safari/537.36" {"service":"healthlife-backend"}
info: ::1 - - [15/Dec/2025:16:44:30 +0000] "POST /api/auth/login HTTP/1.1" 200 464 "http://localhost:3000/" "Mozilla/5.0 (Macintosh; Intel Mac OS X 10_15_7) AppleWebKit/537.36 (KHTML, like Gecko) Chrome/143.0.0.0 Safari/537.36" {"service":"healthlife-backend","timestamp":"2025-12-15 22:44:30"}
[INFO] 22:45:54 Restarting: /Users/palash/Development/intern/backend/src/controllers/auth.controller.ts has been modified
(node:40046) [MONGOOSE] Warning: Duplicate schema index on {"email":1} found. This is often due to declaring an index using both "index: true" and "schema.index()". Please remove the duplicate index definition.
(Use `node --trace-warnings ...` to show where the warning was created)
(node:40046) [MONGOOSE] Warning: Duplicate schema index on {"role":1} found. This is often due to declaring an index using both "index: true" and "schema.index()". Please remove the duplicate index definition.
(node:40046) [MONGOOSE] Warning: Duplicate schema index on {"userId":1} found. This is often due to declaring an index using both "index: true" and "schema.index()". Please remove the duplicate index definition.
2025-12-15 22:45:56 [[31merror[39m]: ❌ Port 5001 is already in use. Please run: npm run kill-port {"service":"healthlife-backend"}
error: ❌ Port 5001 is already in use. Please run: npm run kill-port {"service":"healthlife-backend","timestamp":"2025-12-15 22:45:56"}
2025-12-15 22:45:56 [[31merror[39m]:    Or manually kill the process: lsof -ti:5001 | xargs kill -9 {"service":"healthlife-backend"}
error:    Or manually kill the process: lsof -ti:5001 | xargs kill -9 {"service":"healthlife-backend","timestamp":"2025-12-15 22:45:56"}
[INFO] 22:46:34 Restarting: /Users/palash/Development/intern/backend/src/controllers/auth.controller.ts has been modified
(node:40432) [MONGOOSE] Warning: Duplicate schema index on {"email":1} found. This is often due to declaring an index using both "index: true" and "schema.index()". Please remove the duplicate index definition.
(Use `node --trace-warnings ...` to show where the warning was created)
(node:40432) [MONGOOSE] Warning: Duplicate schema index on {"role":1} found. This is often due to declaring an index using both "index: true" and "schema.index()". Please remove the duplicate index definition.
(node:40432) [MONGOOSE] Warning: Duplicate schema index on {"userId":1} found. This is often due to declaring an index using both "index: true" and "schema.index()". Please remove the duplicate index definition.
2025-12-15 22:46:37 [[31merror[39m]: ❌ Port 5001 is already in use. Please run: npm run kill-port {"service":"healthlife-backend"}
error: ❌ Port 5001 is already in use. Please run: npm run kill-port {"service":"healthlife-backend","timestamp":"2025-12-15 22:46:37"}
2025-12-15 22:46:37 [[31merror[39m]:    Or manually kill the process: lsof -ti:5001 | xargs kill -9 {"service":"healthlife-backend"}
error:    Or manually kill the process: lsof -ti:5001 | xargs kill -9 {"service":"healthlife-backend","timestamp":"2025-12-15 22:46:37"}
[INFO] 23:30:34 Restarting: /Users/palash/Development/intern/backend/src/controllers/lab.controller.ts has been modified
(node:63281) [MONGOOSE] Warning: Duplicate schema index on {"email":1} found. This is often due to declaring an index using both "index: true" and "schema.index()". Please remove the duplicate index definition.
(Use `node --trace-warnings ...` to show where the warning was created)
(node:63281) [MONGOOSE] Warning: Duplicate schema index on {"role":1} found. This is often due to declaring an index using both "index: true" and "schema.index()". Please remove the duplicate index definition.
(node:63281) [MONGOOSE] Warning: Duplicate schema index on {"userId":1} found. This is often due to declaring an index using both "index: true" and "schema.index()". Please remove the duplicate index definition.
2025-12-15 23:30:36 [[32minfo[39m]: 🚀 Server running on port 5001 {"service":"healthlife-backend"}
info: 🚀 Server running on port 5001 {"service":"healthlife-backend","timestamp":"2025-12-15 23:30:36"}
2025-12-15 23:30:36 [[32minfo[39m]: 📡 Environment: development {"service":"healthlife-backend"}
info: 📡 Environment: development {"service":"healthlife-backend","timestamp":"2025-12-15 23:30:36"}
(node:63281) NOTE: The AWS SDK for JavaScript (v2) is in maintenance mode.
 SDK releases are limited to address critical bug fixes and security issues only.

Please migrate your code to use AWS SDK for JavaScript (v3).
For more information, check the blog post at https://a.co/cUPnyil
2025-12-15 23:30:36 [[32minfo[39m]: ✅ MongoDB connected successfully {"service":"healthlife-backend"}
info: ✅ MongoDB connected successfully {"service":"healthlife-backend","timestamp":"2025-12-15 23:30:36"}
2025-12-15 23:30:36 [[32minfo[39m]: ✅ PostgreSQL connected successfully {"service":"healthlife-backend"}
info: ✅ PostgreSQL connected successfully {"service":"healthlife-backend","timestamp":"2025-12-15 23:30:36"}
[INFO] 23:32:12 Restarting: /Users/palash/Development/intern/backend/src/controllers/lab.controller.ts has been modified
(node:64085) [MONGOOSE] Warning: Duplicate schema index on {"email":1} found. This is often due to declaring an index using both "index: true" and "schema.index()". Please remove the duplicate index definition.
(Use `node --trace-warnings ...` to show where the warning was created)
(node:64085) [MONGOOSE] Warning: Duplicate schema index on {"role":1} found. This is often due to declaring an index using both "index: true" and "schema.index()". Please remove the duplicate index definition.
(node:64085) [MONGOOSE] Warning: Duplicate schema index on {"userId":1} found. This is often due to declaring an index using both "index: true" and "schema.index()". Please remove the duplicate index definition.
2025-12-15 23:32:13 [[31merror[39m]: ❌ Port 5001 is already in use. Please run: npm run kill-port {"service":"healthlife-backend"}
error: ❌ Port 5001 is already in use. Please run: npm run kill-port {"service":"healthlife-backend","timestamp":"2025-12-15 23:32:13"}
2025-12-15 23:32:13 [[31merror[39m]:    Or manually kill the process: lsof -ti:5001 | xargs kill -9 {"service":"healthlife-backend"}
error:    Or manually kill the process: lsof -ti:5001 | xargs kill -9 {"service":"healthlife-backend","timestamp":"2025-12-15 23:32:13"}
[INFO] 23:32:21 Restarting: /Users/palash/Development/intern/backend/src/controllers/lab.controller.ts has been modified
(node:64156) [MONGOOSE] Warning: Duplicate schema index on {"email":1} found. This is often due to declaring an index using both "index: true" and "schema.index()". Please remove the duplicate index definition.
(Use `node --trace-warnings ...` to show where the warning was created)
(node:64156) [MONGOOSE] Warning: Duplicate schema index on {"role":1} found. This is often due to declaring an index using both "index: true" and "schema.index()". Please remove the duplicate index definition.
(node:64156) [MONGOOSE] Warning: Duplicate schema index on {"userId":1} found. This is often due to declaring an index using both "index: true" and "schema.index()". Please remove the duplicate index definition.
2025-12-15 23:32:21 [[32minfo[39m]: 🚀 Server running on port 5001 {"service":"healthlife-backend"}
info: 🚀 Server running on port 5001 {"service":"healthlife-backend","timestamp":"2025-12-15 23:32:21"}
2025-12-15 23:32:21 [[32minfo[39m]: 📡 Environment: development {"service":"healthlife-backend"}
info: 📡 Environment: development {"service":"healthlife-backend","timestamp":"2025-12-15 23:32:21"}
(node:64156) NOTE: The AWS SDK for JavaScript (v2) is in maintenance mode.
 SDK releases are limited to address critical bug fixes and security issues only.

Please migrate your code to use AWS SDK for JavaScript (v3).
For more information, check the blog post at https://a.co/cUPnyil
2025-12-15 23:32:21 [[32minfo[39m]: ✅ MongoDB connected successfully {"service":"healthlife-backend"}
info: ✅ MongoDB connected successfully {"service":"healthlife-backend","timestamp":"2025-12-15 23:32:21"}
2025-12-15 23:32:21 [[32minfo[39m]: ✅ PostgreSQL connected successfully {"service":"healthlife-backend"}
info: ✅ PostgreSQL connected successfully {"service":"healthlife-backend","timestamp":"2025-12-15 23:32:21"}
[INFO] 23:32:35 Restarting: /Users/palash/Development/intern/backend/src/controllers/lab.controller.ts has been modified
(node:64288) [MONGOOSE] Warning: Duplicate schema index on {"email":1} found. This is often due to declaring an index using both "index: true" and "schema.index()". Please remove the duplicate index definition.
(Use `node --trace-warnings ...` to show where the warning was created)
(node:64288) [MONGOOSE] Warning: Duplicate schema index on {"role":1} found. This is often due to declaring an index using both "index: true" and "schema.index()". Please remove the duplicate index definition.
(node:64288) [MONGOOSE] Warning: Duplicate schema index on {"userId":1} found. This is often due to declaring an index using both "index: true" and "schema.index()". Please remove the duplicate index definition.
2025-12-15 23:32:37 [[31merror[39m]: ❌ Port 5001 is already in use. Please run: npm run kill-port {"service":"healthlife-backend"}
error: ❌ Port 5001 is already in use. Please run: npm run kill-port {"service":"healthlife-backend","timestamp":"2025-12-15 23:32:37"}
2025-12-15 23:32:37 [[31merror[39m]:    Or manually kill the process: lsof -ti:5001 | xargs kill -9 {"service":"healthlife-backend"}
error:    Or manually kill the process: lsof -ti:5001 | xargs kill -9 {"service":"healthlife-backend","timestamp":"2025-12-15 23:32:37"}
[INFO] 23:34:25 Restarting: /Users/palash/Development/intern/backend/src/controllers/lab.controller.ts has been modified
(node:65256) [MONGOOSE] Warning: Duplicate schema index on {"email":1} found. This is often due to declaring an index using both "index: true" and "schema.index()". Please remove the duplicate index definition.
(Use `node --trace-warnings ...` to show where the warning was created)
(node:65256) [MONGOOSE] Warning: Duplicate schema index on {"role":1} found. This is often due to declaring an index using both "index: true" and "schema.index()". Please remove the duplicate index definition.
(node:65256) [MONGOOSE] Warning: Duplicate schema index on {"userId":1} found. This is often due to declaring an index using both "index: true" and "schema.index()". Please remove the duplicate index definition.
2025-12-15 23:34:27 [[32minfo[39m]: 🚀 Server running on port 5001 {"service":"healthlife-backend"}
info: 🚀 Server running on port 5001 {"service":"healthlife-backend","timestamp":"2025-12-15 23:34:27"}
2025-12-15 23:34:27 [[32minfo[39m]: 📡 Environment: development {"service":"healthlife-backend"}
info: 📡 Environment: development {"service":"healthlife-backend","timestamp":"2025-12-15 23:34:27"}
(node:65256) NOTE: The AWS SDK for JavaScript (v2) is in maintenance mode.
 SDK releases are limited to address critical bug fixes and security issues only.

Please migrate your code to use AWS SDK for JavaScript (v3).
For more information, check the blog post at https://a.co/cUPnyil
2025-12-15 23:34:27 [[32minfo[39m]: ✅ MongoDB connected successfully {"service":"healthlife-backend"}
info: ✅ MongoDB connected successfully {"service":"healthlife-backend","timestamp":"2025-12-15 23:34:27"}
2025-12-15 23:34:27 [[32minfo[39m]: ✅ PostgreSQL connected successfully {"service":"healthlife-backend"}
info: ✅ PostgreSQL connected successfully {"service":"healthlife-backend","timestamp":"2025-12-15 23:34:27"}
[INFO] 23:34:28 Restarting: /Users/palash/Development/intern/backend/src/controllers/lab.controller.ts has been modified
(node:65286) [MONGOOSE] Warning: Duplicate schema index on {"email":1} found. This is often due to declaring an index using both "index: true" and "schema.index()". Please remove the duplicate index definition.
(Use `node --trace-warnings ...` to show where the warning was created)
(node:65286) [MONGOOSE] Warning: Duplicate schema index on {"role":1} found. This is often due to declaring an index using both "index: true" and "schema.index()". Please remove the duplicate index definition.
(node:65286) [MONGOOSE] Warning: Duplicate schema index on {"userId":1} found. This is often due to declaring an index using both "index: true" and "schema.index()". Please remove the duplicate index definition.
2025-12-15 23:34:29 [[31merror[39m]: ❌ Port 5001 is already in use. Please run: npm run kill-port {"service":"healthlife-backend"}
error: ❌ Port 5001 is already in use. Please run: npm run kill-port {"service":"healthlife-backend","timestamp":"2025-12-15 23:34:29"}
2025-12-15 23:34:29 [[31merror[39m]:    Or manually kill the process: lsof -ti:5001 | xargs kill -9 {"service":"healthlife-backend"}
error:    Or manually kill the process: lsof -ti:5001 | xargs kill -9 {"service":"healthlife-backend","timestamp":"2025-12-15 23:34:29"}
[INFO] 23:34:39 Restarting: /Users/palash/Development/intern/backend/src/controllers/lab.controller.ts has been modified
(node:65384) [MONGOOSE] Warning: Duplicate schema index on {"email":1} found. This is often due to declaring an index using both "index: true" and "schema.index()". Please remove the duplicate index definition.
(Use `node --trace-warnings ...` to show where the warning was created)
(node:65384) [MONGOOSE] Warning: Duplicate schema index on {"role":1} found. This is often due to declaring an index using both "index: true" and "schema.index()". Please remove the duplicate index definition.
(node:65384) [MONGOOSE] Warning: Duplicate schema index on {"userId":1} found. This is often due to declaring an index using both "index: true" and "schema.index()". Please remove the duplicate index definition.
2025-12-15 23:34:40 [[32minfo[39m]: 🚀 Server running on port 5001 {"service":"healthlife-backend"}
info: 🚀 Server running on port 5001 {"service":"healthlife-backend","timestamp":"2025-12-15 23:34:40"}
2025-12-15 23:34:40 [[32minfo[39m]: 📡 Environment: development {"service":"healthlife-backend"}
info: 📡 Environment: development {"service":"healthlife-backend","timestamp":"2025-12-15 23:34:40"}
(node:65384) NOTE: The AWS SDK for JavaScript (v2) is in maintenance mode.
 SDK releases are limited to address critical bug fixes and security issues only.

Please migrate your code to use AWS SDK for JavaScript (v3).
For more information, check the blog post at https://a.co/cUPnyil
2025-12-15 23:34:40 [[32minfo[39m]: ✅ MongoDB connected successfully {"service":"healthlife-backend"}
info: ✅ MongoDB connected successfully {"service":"healthlife-backend","timestamp":"2025-12-15 23:34:40"}
2025-12-15 23:34:40 [[32minfo[39m]: ✅ PostgreSQL connected successfully {"service":"healthlife-backend"}
info: ✅ PostgreSQL connected successfully {"service":"healthlife-backend","timestamp":"2025-12-15 23:34:40"}
[INFO] 23:34:59 Restarting: /Users/palash/Development/intern/backend/src/controllers/lab.controller.ts has been modified
(node:65570) [MONGOOSE] Warning: Duplicate schema index on {"email":1} found. This is often due to declaring an index using both "index: true" and "schema.index()". Please remove the duplicate index definition.
(Use `node --trace-warnings ...` to show where the warning was created)
(node:65570) [MONGOOSE] Warning: Duplicate schema index on {"role":1} found. This is often due to declaring an index using both "index: true" and "schema.index()". Please remove the duplicate index definition.
(node:65570) [MONGOOSE] Warning: Duplicate schema index on {"userId":1} found. This is often due to declaring an index using both "index: true" and "schema.index()". Please remove the duplicate index definition.
2025-12-15 23:35:00 [[31merror[39m]: ❌ Port 5001 is already in use. Please run: npm run kill-port {"service":"healthlife-backend"}
error: ❌ Port 5001 is already in use. Please run: npm run kill-port {"service":"healthlife-backend","timestamp":"2025-12-15 23:35:00"}
2025-12-15 23:35:00 [[31merror[39m]:    Or manually kill the process: lsof -ti:5001 | xargs kill -9 {"service":"healthlife-backend"}
error:    Or manually kill the process: lsof -ti:5001 | xargs kill -9 {"service":"healthlife-backend","timestamp":"2025-12-15 23:35:00"}
[INFO] 23:35:01 Restarting: /Users/palash/Development/intern/backend/src/controllers/lab.controller.ts has been modified
(node:65606) [MONGOOSE] Warning: Duplicate schema index on {"email":1} found. This is often due to declaring an index using both "index: true" and "schema.index()". Please remove the duplicate index definition.
(Use `node --trace-warnings ...` to show where the warning was created)
(node:65606) [MONGOOSE] Warning: Duplicate schema index on {"role":1} found. This is often due to declaring an index using both "index: true" and "schema.index()". Please remove the duplicate index definition.
(node:65606) [MONGOOSE] Warning: Duplicate schema index on {"userId":1} found. This is often due to declaring an index using both "index: true" and "schema.index()". Please remove the duplicate index definition.
2025-12-15 23:35:02 [[32minfo[39m]: 🚀 Server running on port 5001 {"service":"healthlife-backend"}
info: 🚀 Server running on port 5001 {"service":"healthlife-backend","timestamp":"2025-12-15 23:35:02"}
2025-12-15 23:35:02 [[32minfo[39m]: 📡 Environment: development {"service":"healthlife-backend"}
info: 📡 Environment: development {"service":"healthlife-backend","timestamp":"2025-12-15 23:35:02"}
(node:65606) NOTE: The AWS SDK for JavaScript (v2) is in maintenance mode.
 SDK releases are limited to address critical bug fixes and security issues only.

Please migrate your code to use AWS SDK for JavaScript (v3).
For more information, check the blog post at https://a.co/cUPnyil
2025-12-15 23:35:02 [[32minfo[39m]: ✅ MongoDB connected successfully {"service":"healthlife-backend"}
info: ✅ MongoDB connected successfully {"service":"healthlife-backend","timestamp":"2025-12-15 23:35:02"}
2025-12-15 23:35:02 [[32minfo[39m]: ✅ PostgreSQL connected successfully {"service":"healthlife-backend"}
info: ✅ PostgreSQL connected successfully {"service":"healthlife-backend","timestamp":"2025-12-15 23:35:02"}
[INFO] 23:35:18 Restarting: /Users/palash/Development/intern/backend/src/controllers/lab.controller.ts has been modified
(node:65758) [MONGOOSE] Warning: Duplicate schema index on {"email":1} found. This is often due to declaring an index using both "index: true" and "schema.index()". Please remove the duplicate index definition.
(Use `node --trace-warnings ...` to show where the warning was created)
(node:65758) [MONGOOSE] Warning: Duplicate schema index on {"role":1} found. This is often due to declaring an index using both "index: true" and "schema.index()". Please remove the duplicate index definition.
(node:65758) [MONGOOSE] Warning: Duplicate schema index on {"userId":1} found. This is often due to declaring an index using both "index: true" and "schema.index()". Please remove the duplicate index definition.
2025-12-15 23:35:19 [[31merror[39m]: ❌ Port 5001 is already in use. Please run: npm run kill-port {"service":"healthlife-backend"}
error: ❌ Port 5001 is already in use. Please run: npm run kill-port {"service":"healthlife-backend","timestamp":"2025-12-15 23:35:19"}
2025-12-15 23:35:19 [[31merror[39m]:    Or manually kill the process: lsof -ti:5001 | xargs kill -9 {"service":"healthlife-backend"}
error:    Or manually kill the process: lsof -ti:5001 | xargs kill -9 {"service":"healthlife-backend","timestamp":"2025-12-15 23:35:19"}
[INFO] 23:38:05 Restarting: /Users/palash/Development/intern/backend/src/controllers/lab.controller.ts has been modified
(node:67146) [MONGOOSE] Warning: Duplicate schema index on {"email":1} found. This is often due to declaring an index using both "index: true" and "schema.index()". Please remove the duplicate index definition.
(Use `node --trace-warnings ...` to show where the warning was created)
(node:67146) [MONGOOSE] Warning: Duplicate schema index on {"role":1} found. This is often due to declaring an index using both "index: true" and "schema.index()". Please remove the duplicate index definition.
(node:67146) [MONGOOSE] Warning: Duplicate schema index on {"userId":1} found. This is often due to declaring an index using both "index: true" and "schema.index()". Please remove the duplicate index definition.
2025-12-15 23:38:08 [[32minfo[39m]: 🚀 Server running on port 5001 {"service":"healthlife-backend"}
info: 🚀 Server running on port 5001 {"service":"healthlife-backend","timestamp":"2025-12-15 23:38:08"}
2025-12-15 23:38:08 [[32minfo[39m]: 📡 Environment: development {"service":"healthlife-backend"}
info: 📡 Environment: development {"service":"healthlife-backend","timestamp":"2025-12-15 23:38:08"}
(node:67146) NOTE: The AWS SDK for JavaScript (v2) is in maintenance mode.
 SDK releases are limited to address critical bug fixes and security issues only.

Please migrate your code to use AWS SDK for JavaScript (v3).
For more information, check the blog post at https://a.co/cUPnyil
2025-12-15 23:38:08 [[32minfo[39m]: ✅ MongoDB connected successfully {"service":"healthlife-backend"}
info: ✅ MongoDB connected successfully {"service":"healthlife-backend","timestamp":"2025-12-15 23:38:08"}
2025-12-15 23:38:08 [[32minfo[39m]: ✅ PostgreSQL connected successfully {"service":"healthlife-backend"}
info: ✅ PostgreSQL connected successfully {"service":"healthlife-backend","timestamp":"2025-12-15 23:38:08"}
[INFO] 23:38:09 Restarting: /Users/palash/Development/intern/backend/src/controllers/lab.controller.ts has been modified
(node:67190) [MONGOOSE] Warning: Duplicate schema index on {"email":1} found. This is often due to declaring an index using both "index: true" and "schema.index()". Please remove the duplicate index definition.
(Use `node --trace-warnings ...` to show where the warning was created)
(node:67190) [MONGOOSE] Warning: Duplicate schema index on {"role":1} found. This is often due to declaring an index using both "index: true" and "schema.index()". Please remove the duplicate index definition.
(node:67190) [MONGOOSE] Warning: Duplicate schema index on {"userId":1} found. This is often due to declaring an index using both "index: true" and "schema.index()". Please remove the duplicate index definition.
2025-12-15 23:38:10 [[31merror[39m]: ❌ Port 5001 is already in use. Please run: npm run kill-port {"service":"healthlife-backend"}
error: ❌ Port 5001 is already in use. Please run: npm run kill-port {"service":"healthlife-backend","timestamp":"2025-12-15 23:38:10"}
2025-12-15 23:38:10 [[31merror[39m]:    Or manually kill the process: lsof -ti:5001 | xargs kill -9 {"service":"healthlife-backend"}
error:    Or manually kill the process: lsof -ti:5001 | xargs kill -9 {"service":"healthlife-backend","timestamp":"2025-12-15 23:38:10"}
[INFO] 23:38:17 Restarting: /Users/palash/Development/intern/backend/src/controllers/lab.controller.ts has been modified
(node:67269) [MONGOOSE] Warning: Duplicate schema index on {"email":1} found. This is often due to declaring an index using both "index: true" and "schema.index()". Please remove the duplicate index definition.
(Use `node --trace-warnings ...` to show where the warning was created)
(node:67269) [MONGOOSE] Warning: Duplicate schema index on {"role":1} found. This is often due to declaring an index using both "index: true" and "schema.index()". Please remove the duplicate index definition.
(node:67269) [MONGOOSE] Warning: Duplicate schema index on {"userId":1} found. This is often due to declaring an index using both "index: true" and "schema.index()". Please remove the duplicate index definition.
2025-12-15 23:38:18 [[31merror[39m]: ❌ Port 5001 is already in use. Please run: npm run kill-port {"service":"healthlife-backend"}
error: ❌ Port 5001 is already in use. Please run: npm run kill-port {"service":"healthlife-backend","timestamp":"2025-12-15 23:38:18"}
2025-12-15 23:38:18 [[31merror[39m]:    Or manually kill the process: lsof -ti:5001 | xargs kill -9 {"service":"healthlife-backend"}
error:    Or manually kill the process: lsof -ti:5001 | xargs kill -9 {"service":"healthlife-backend","timestamp":"2025-12-15 23:38:18"}
[INFO] 23:38:34 Restarting: /Users/palash/Development/intern/backend/src/controllers/lab.controller.ts has been modified
(node:67436) [MONGOOSE] Warning: Duplicate schema index on {"email":1} found. This is often due to declaring an index using both "index: true" and "schema.index()". Please remove the duplicate index definition.
(Use `node --trace-warnings ...` to show where the warning was created)
(node:67436) [MONGOOSE] Warning: Duplicate schema index on {"role":1} found. This is often due to declaring an index using both "index: true" and "schema.index()". Please remove the duplicate index definition.
(node:67436) [MONGOOSE] Warning: Duplicate schema index on {"userId":1} found. This is often due to declaring an index using both "index: true" and "schema.index()". Please remove the duplicate index definition.
2025-12-15 23:38:37 [[32minfo[39m]: 🚀 Server running on port 5001 {"service":"healthlife-backend"}
info: 🚀 Server running on port 5001 {"service":"healthlife-backend","timestamp":"2025-12-15 23:38:37"}
2025-12-15 23:38:37 [[32minfo[39m]: 📡 Environment: development {"service":"healthlife-backend"}
info: 📡 Environment: development {"service":"healthlife-backend","timestamp":"2025-12-15 23:38:37"}
(node:67436) NOTE: The AWS SDK for JavaScript (v2) is in maintenance mode.
 SDK releases are limited to address critical bug fixes and security issues only.

Please migrate your code to use AWS SDK for JavaScript (v3).
For more information, check the blog post at https://a.co/cUPnyil
2025-12-15 23:38:37 [[32minfo[39m]: ✅ MongoDB connected successfully {"service":"healthlife-backend"}
info: ✅ MongoDB connected successfully {"service":"healthlife-backend","timestamp":"2025-12-15 23:38:37"}
2025-12-15 23:38:37 [[32minfo[39m]: ✅ PostgreSQL connected successfully {"service":"healthlife-backend"}
info: ✅ PostgreSQL connected successfully {"service":"healthlife-backend","timestamp":"2025-12-15 23:38:37"}
2025-12-15 23:38:53 [[32minfo[39m]: User logged in: lab@healthlife.com {"service":"healthlife-backend"}
info: User logged in: lab@healthlife.com {"service":"healthlife-backend","timestamp":"2025-12-15 23:38:53"}
2025-12-15 23:38:53 [[32minfo[39m]: ::1 - - [15/Dec/2025:17:38:53 +0000] "POST /api/auth/login HTTP/1.1" 200 464 "http://localhost:3000/" "Mozilla/5.0 (Macintosh; Intel Mac OS X 10_15_7) AppleWebKit/537.36 (KHTML, like Gecko) Chrome/143.0.0.0 Safari/537.36" {"service":"healthlife-backend"}
info: ::1 - - [15/Dec/2025:17:38:53 +0000] "POST /api/auth/login HTTP/1.1" 200 464 "http://localhost:3000/" "Mozilla/5.0 (Macintosh; Intel Mac OS X 10_15_7) AppleWebKit/537.36 (KHTML, like Gecko) Chrome/143.0.0.0 Safari/537.36" {"service":"healthlife-backend","timestamp":"2025-12-15 23:38:53"}
[INFO] 23:40:26 Restarting: /Users/palash/Development/intern/backend/src/controllers/lab.controller.ts has been modified
(node:68403) [MONGOOSE] Warning: Duplicate schema index on {"email":1} found. This is often due to declaring an index using both "index: true" and "schema.index()". Please remove the duplicate index definition.
(Use `node --trace-warnings ...` to show where the warning was created)
(node:68403) [MONGOOSE] Warning: Duplicate schema index on {"role":1} found. This is often due to declaring an index using both "index: true" and "schema.index()". Please remove the duplicate index definition.
(node:68403) [MONGOOSE] Warning: Duplicate schema index on {"userId":1} found. This is often due to declaring an index using both "index: true" and "schema.index()". Please remove the duplicate index definition.
2025-12-15 23:40:27 [[32minfo[39m]: 🚀 Server running on port 5001 {"service":"healthlife-backend"}
info: 🚀 Server running on port 5001 {"service":"healthlife-backend","timestamp":"2025-12-15 23:40:27"}
2025-12-15 23:40:27 [[32minfo[39m]: 📡 Environment: development {"service":"healthlife-backend"}
info: 📡 Environment: development {"service":"healthlife-backend","timestamp":"2025-12-15 23:40:27"}
(node:68403) NOTE: The AWS SDK for JavaScript (v2) is in maintenance mode.
 SDK releases are limited to address critical bug fixes and security issues only.

Please migrate your code to use AWS SDK for JavaScript (v3).
For more information, check the blog post at https://a.co/cUPnyil
2025-12-15 23:40:27 [[32minfo[39m]: ✅ MongoDB connected successfully {"service":"healthlife-backend"}
info: ✅ MongoDB connected successfully {"service":"healthlife-backend","timestamp":"2025-12-15 23:40:27"}
2025-12-15 23:40:28 [[32minfo[39m]: ✅ PostgreSQL connected successfully {"service":"healthlife-backend"}
info: ✅ PostgreSQL connected successfully {"service":"healthlife-backend","timestamp":"2025-12-15 23:40:28"}
[INFO] 23:40:29 Restarting: /Users/palash/Development/intern/backend/src/controllers/lab.controller.ts has been modified
(node:68433) [MONGOOSE] Warning: Duplicate schema index on {"email":1} found. This is often due to declaring an index using both "index: true" and "schema.index()". Please remove the duplicate index definition.
(Use `node --trace-warnings ...` to show where the warning was created)
(node:68433) [MONGOOSE] Warning: Duplicate schema index on {"role":1} found. This is often due to declaring an index using both "index: true" and "schema.index()". Please remove the duplicate index definition.
(node:68433) [MONGOOSE] Warning: Duplicate schema index on {"userId":1} found. This is often due to declaring an index using both "index: true" and "schema.index()". Please remove the duplicate index definition.
2025-12-15 23:40:30 [[32minfo[39m]: 🚀 Server running on port 5001 {"service":"healthlife-backend"}
info: 🚀 Server running on port 5001 {"service":"healthlife-backend","timestamp":"2025-12-15 23:40:30"}
2025-12-15 23:40:30 [[32minfo[39m]: 📡 Environment: development {"service":"healthlife-backend"}
info: 📡 Environment: development {"service":"healthlife-backend","timestamp":"2025-12-15 23:40:30"}
(node:68433) NOTE: The AWS SDK for JavaScript (v2) is in maintenance mode.
 SDK releases are limited to address critical bug fixes and security issues only.

Please migrate your code to use AWS SDK for JavaScript (v3).
For more information, check the blog post at https://a.co/cUPnyil
2025-12-15 23:40:30 [[32minfo[39m]: ✅ MongoDB connected successfully {"service":"healthlife-backend"}
info: ✅ MongoDB connected successfully {"service":"healthlife-backend","timestamp":"2025-12-15 23:40:30"}
2025-12-15 23:40:30 [[32minfo[39m]: ✅ PostgreSQL connected successfully {"service":"healthlife-backend"}
info: ✅ PostgreSQL connected successfully {"service":"healthlife-backend","timestamp":"2025-12-15 23:40:30"}
[INFO] 23:40:32 Restarting: /Users/palash/Development/intern/backend/src/controllers/lab.controller.ts has been modified
(node:68472) [MONGOOSE] Warning: Duplicate schema index on {"email":1} found. This is often due to declaring an index using both "index: true" and "schema.index()". Please remove the duplicate index definition.
(Use `node --trace-warnings ...` to show where the warning was created)
(node:68472) [MONGOOSE] Warning: Duplicate schema index on {"role":1} found. This is often due to declaring an index using both "index: true" and "schema.index()". Please remove the duplicate index definition.
(node:68472) [MONGOOSE] Warning: Duplicate schema index on {"userId":1} found. This is often due to declaring an index using both "index: true" and "schema.index()". Please remove the duplicate index definition.
2025-12-15 23:40:34 [[31merror[39m]: ❌ Port 5001 is already in use. Please run: npm run kill-port {"service":"healthlife-backend"}
error: ❌ Port 5001 is already in use. Please run: npm run kill-port {"service":"healthlife-backend","timestamp":"2025-12-15 23:40:34"}
2025-12-15 23:40:34 [[31merror[39m]:    Or manually kill the process: lsof -ti:5001 | xargs kill -9 {"service":"healthlife-backend"}
error:    Or manually kill the process: lsof -ti:5001 | xargs kill -9 {"service":"healthlife-backend","timestamp":"2025-12-15 23:40:34"}
[INFO] 23:40:46 Restarting: /Users/palash/Development/intern/backend/src/controllers/lab.controller.ts has been modified
(node:68600) [MONGOOSE] Warning: Duplicate schema index on {"email":1} found. This is often due to declaring an index using both "index: true" and "schema.index()". Please remove the duplicate index definition.
(Use `node --trace-warnings ...` to show where the warning was created)
(node:68600) [MONGOOSE] Warning: Duplicate schema index on {"role":1} found. This is often due to declaring an index using both "index: true" and "schema.index()". Please remove the duplicate index definition.
(node:68600) [MONGOOSE] Warning: Duplicate schema index on {"userId":1} found. This is often due to declaring an index using both "index: true" and "schema.index()". Please remove the duplicate index definition.
2025-12-15 23:40:47 [[32minfo[39m]: 🚀 Server running on port 5001 {"service":"healthlife-backend"}
info: 🚀 Server running on port 5001 {"service":"healthlife-backend","timestamp":"2025-12-15 23:40:47"}
2025-12-15 23:40:47 [[32minfo[39m]: 📡 Environment: development {"service":"healthlife-backend"}
info: 📡 Environment: development {"service":"healthlife-backend","timestamp":"2025-12-15 23:40:47"}
(node:68600) NOTE: The AWS SDK for JavaScript (v2) is in maintenance mode.
 SDK releases are limited to address critical bug fixes and security issues only.

Please migrate your code to use AWS SDK for JavaScript (v3).
For more information, check the blog post at https://a.co/cUPnyil
2025-12-15 23:40:47 [[32minfo[39m]: ✅ MongoDB connected successfully {"service":"healthlife-backend"}
info: ✅ MongoDB connected successfully {"service":"healthlife-backend","timestamp":"2025-12-15 23:40:47"}
2025-12-15 23:40:47 [[32minfo[39m]: ✅ PostgreSQL connected successfully {"service":"healthlife-backend"}
info: ✅ PostgreSQL connected successfully {"service":"healthlife-backend","timestamp":"2025-12-15 23:40:47"}
[INFO] 23:40:50 Restarting: /Users/palash/Development/intern/backend/src/controllers/lab.controller.ts has been modified
(node:68643) [MONGOOSE] Warning: Duplicate schema index on {"email":1} found. This is often due to declaring an index using both "index: true" and "schema.index()". Please remove the duplicate index definition.
(Use `node --trace-warnings ...` to show where the warning was created)
(node:68643) [MONGOOSE] Warning: Duplicate schema index on {"role":1} found. This is often due to declaring an index using both "index: true" and "schema.index()". Please remove the duplicate index definition.
(node:68643) [MONGOOSE] Warning: Duplicate schema index on {"userId":1} found. This is often due to declaring an index using both "index: true" and "schema.index()". Please remove the duplicate index definition.
2025-12-15 23:40:50 [[31merror[39m]: ❌ Port 5001 is already in use. Please run: npm run kill-port {"service":"healthlife-backend"}
error: ❌ Port 5001 is already in use. Please run: npm run kill-port {"service":"healthlife-backend","timestamp":"2025-12-15 23:40:50"}
2025-12-15 23:40:50 [[31merror[39m]:    Or manually kill the process: lsof -ti:5001 | xargs kill -9 {"service":"healthlife-backend"}
error:    Or manually kill the process: lsof -ti:5001 | xargs kill -9 {"service":"healthlife-backend","timestamp":"2025-12-15 23:40:50"}
[INFO] 23:40:52 Restarting: /Users/palash/Development/intern/backend/src/controllers/lab.controller.ts has been modified
(node:68673) [MONGOOSE] Warning: Duplicate schema index on {"email":1} found. This is often due to declaring an index using both "index: true" and "schema.index()". Please remove the duplicate index definition.
(Use `node --trace-warnings ...` to show where the warning was created)
(node:68673) [MONGOOSE] Warning: Duplicate schema index on {"role":1} found. This is often due to declaring an index using both "index: true" and "schema.index()". Please remove the duplicate index definition.
(node:68673) [MONGOOSE] Warning: Duplicate schema index on {"userId":1} found. This is often due to declaring an index using both "index: true" and "schema.index()". Please remove the duplicate index definition.
2025-12-15 23:40:53 [[32minfo[39m]: 🚀 Server running on port 5001 {"service":"healthlife-backend"}
info: 🚀 Server running on port 5001 {"service":"healthlife-backend","timestamp":"2025-12-15 23:40:53"}
2025-12-15 23:40:53 [[32minfo[39m]: 📡 Environment: development {"service":"healthlife-backend"}
info: 📡 Environment: development {"service":"healthlife-backend","timestamp":"2025-12-15 23:40:53"}
(node:68673) NOTE: The AWS SDK for JavaScript (v2) is in maintenance mode.
 SDK releases are limited to address critical bug fixes and security issues only.

Please migrate your code to use AWS SDK for JavaScript (v3).
For more information, check the blog post at https://a.co/cUPnyil
2025-12-15 23:40:53 [[32minfo[39m]: ✅ MongoDB connected successfully {"service":"healthlife-backend"}
info: ✅ MongoDB connected successfully {"service":"healthlife-backend","timestamp":"2025-12-15 23:40:53"}
2025-12-15 23:40:53 [[32minfo[39m]: ✅ PostgreSQL connected successfully {"service":"healthlife-backend"}
info: ✅ PostgreSQL connected successfully {"service":"healthlife-backend","timestamp":"2025-12-15 23:40:53"}
[INFO] 23:41:12 Restarting: /Users/palash/Development/intern/backend/src/controllers/lab.controller.ts has been modified
(node:68855) [MONGOOSE] Warning: Duplicate schema index on {"email":1} found. This is often due to declaring an index using both "index: true" and "schema.index()". Please remove the duplicate index definition.
(Use `node --trace-warnings ...` to show where the warning was created)
(node:68855) [MONGOOSE] Warning: Duplicate schema index on {"role":1} found. This is often due to declaring an index using both "index: true" and "schema.index()". Please remove the duplicate index definition.
(node:68855) [MONGOOSE] Warning: Duplicate schema index on {"userId":1} found. This is often due to declaring an index using both "index: true" and "schema.index()". Please remove the duplicate index definition.
2025-12-15 23:41:14 [[31merror[39m]: ❌ Port 5001 is already in use. Please run: npm run kill-port {"service":"healthlife-backend"}
error: ❌ Port 5001 is already in use. Please run: npm run kill-port {"service":"healthlife-backend","timestamp":"2025-12-15 23:41:14"}
2025-12-15 23:41:14 [[31merror[39m]:    Or manually kill the process: lsof -ti:5001 | xargs kill -9 {"service":"healthlife-backend"}
error:    Or manually kill the process: lsof -ti:5001 | xargs kill -9 {"service":"healthlife-backend","timestamp":"2025-12-15 23:41:14"}
[INFO] 00:21:26 Restarting: /Users/palash/Development/intern/backend/src/controllers/auth.controller.ts has been modified
(node:88834) [MONGOOSE] Warning: Duplicate schema index on {"email":1} found. This is often due to declaring an index using both "index: true" and "schema.index()". Please remove the duplicate index definition.
(Use `node --trace-warnings ...` to show where the warning was created)
(node:88834) [MONGOOSE] Warning: Duplicate schema index on {"role":1} found. This is often due to declaring an index using both "index: true" and "schema.index()". Please remove the duplicate index definition.
(node:88834) [MONGOOSE] Warning: Duplicate schema index on {"userId":1} found. This is often due to declaring an index using both "index: true" and "schema.index()". Please remove the duplicate index definition.
2025-12-16 00:21:28 [[31merror[39m]: ❌ Port 5001 is already in use. Please run: npm run kill-port {"service":"healthlife-backend"}
error: ❌ Port 5001 is already in use. Please run: npm run kill-port {"service":"healthlife-backend","timestamp":"2025-12-16 00:21:28"}
2025-12-16 00:21:28 [[31merror[39m]:    Or manually kill the process: lsof -ti:5001 | xargs kill -9 {"service":"healthlife-backend"}
error:    Or manually kill the process: lsof -ti:5001 | xargs kill -9 {"service":"healthlife-backend","timestamp":"2025-12-16 00:21:28"}
