
> healthlife-frontend@1.0.0 dev
> next dev

  ▲ Next.js 14.2.33
  - Local:        http://localhost:3000
  - Environments: .env

 ✓ Starting...
Attention: Next.js now collects completely anonymous telemetry regarding usage.
This information is used to shape Next.js' roadmap and prioritize features.
You can learn more, including how to opt-out if you'd not like to participate in this anonymous program, by visiting the following URL:
https://nextjs.org/telemetry

 ✓ Ready in 3.7s
 ○ Compiling / ...
 ✓ Compiled / in 2.7s (1373 modules)
(node:29188) Warning: `--localstorage-file` was provided without a valid path
(Use `node --trace-warnings ...` to show where the warning was created)
 GET / 200 in 2945ms
 ✓ Compiled in 215ms (642 modules)
 GET / 200 in 35ms
 ✓ Compiled /auth/login in 373ms (1366 modules)
 GET /auth/login 200 in 131ms
 ✓ Compiled /_not-found in 439ms (1369 modules)
 GET /apple-touch-icon-precomposed.png 404 in 492ms
 GET /apple-touch-icon.png 404 in 13ms
 ✓ Compiled /auth/register in 331ms (1381 modules)
 ○ Compiling /doctor/dashboard ...
 ✓ Compiled /doctor/dashboard in 623ms (1407 modules)
 ✓ Compiled /doctor/appointments in 250ms (1421 modules)
 GET / 200 in 137ms
 GET / 200 in 35ms
 GET / 200 in 34ms
 ○ Compiling /doctor/settings ...
 ✓ Compiled /doctor/settings in 682ms (1435 modules)
 ✓ Compiled /doctor/patients in 407ms (1443 modules)
 ○ Compiling /doctor/patients/[patientId] ...
 ✓ Compiled /doctor/patients/[patientId] in 756ms (1456 modules)
 GET /doctor/appointments 200 in 147ms
 ✓ Compiled /auth/login in 195ms (783 modules)
 GET /doctor/appointments 200 in 58ms
 GET /auth/login 200 in 29ms
 GET /auth/login 200 in 29ms
 GET /auth/login 200 in 27ms
 GET /auth/login 200 in 27ms
 ✓ Compiled /_not-found in 395ms (1453 modules)
 GET /doctor/profile 404 in 37ms
 GET /doctor/profile 404 in 18ms
 ✓ Compiled in 977ms (1464 modules)
 ✓ Compiled /_not-found in 154ms (1453 modules)
 GET /doctor/profile 404 in 83ms
 ✓ Compiled in 323ms (1467 modules)
 ○ Compiling /_error ...
 ✓ Compiled /_error in 769ms (1679 modules)
 GET /doctor/profile 404 in 35ms
<w> [webpack.cache.PackFileCacheStrategy] Caching failed for pack: Error: ENOENT: no such file or directory, lstat '/Users/palash/Development/intern/frontend/.next/server/app/auth/register/page.js'
<w> [webpack.cache.PackFileCacheStrategy/webpack.FileSystemInfo] Resolving '../../../../.next/server/app/auth/register/page' in /Users/palash/Development/intern/frontend/node_modules/next/dist/server for build dependencies doesn't lead to expected result '/Users/palash/Development/intern/frontend/.next/server/app/auth/register/page.js', but to 'Error: Can't resolve '../../../../.next/server/app/auth/register/page' in '/Users/palash/Development/intern/frontend/node_modules/next/dist/server'' instead. Resolving dependencies are ignored for this path.
<w>  at resolve commonjs file ../../../../.next/server/app/auth/register/page (expected /Users/palash/Development/intern/frontend/.next/server/app/auth/register/page.js)
<w>  at file dependencies /Users/palash/Development/intern/frontend/node_modules/next/dist/server/require.js
<w>  at file /Users/palash/Development/intern/frontend/node_modules/next/dist/server/require.js
<w>  at file dependencies /Users/palash/Development/intern/frontend/node_modules/next/dist/server/load-components.js
<w>  at file /Users/palash/Development/intern/frontend/node_modules/next/dist/server/load-components.js
<w>  at file dependencies /Users/palash/Development/intern/frontend/node_modules/next/dist/build/utils.js
<w>  at file /Users/palash/Development/intern/frontend/node_modules/next/dist/build/utils.js
<w>  at file dependencies /Users/palash/Development/intern/frontend/node_modules/next/dist/build/webpack/loaders/next-route-loader/index.js
<w>  at file /Users/palash/Development/intern/frontend/node_modules/next/dist/build/webpack/loaders/next-route-loader/index.js
<w>  at resolve commonjs /Users/palash/Development/intern/frontend/node_modules/next/dist/build/webpack/loaders/next-route-loader/index.js
 GET / 200 in 112ms
 GET /auth/login 200 in 37ms
 ✓ Compiled in 1839ms (1693 modules)
 ⨯ TypeError: __webpack_modules__[moduleId] is not a function
    at __webpack_require__ (/Users/palash/Development/intern/frontend/.next/server/webpack-runtime.js:33:42)
    at eval (./src/app/doctor/dashboard/page.tsx:9:223)
    at (ssr)/./src/app/doctor/dashboard/page.tsx (/Users/palash/Development/intern/frontend/.next/server/app/doctor/dashboard/page.js:261:1)
    at Object.__webpack_require__ [as require] (/Users/palash/Development/intern/frontend/.next/server/webpack-runtime.js:33:42)
digest: "2499414441"
 GET /doctor/dashboard 500 in 1217ms
<w> [webpack.cache.PackFileCacheStrategy] Caching failed for pack: Error: ENOENT: no such file or directory, lstat '/Users/palash/Development/intern/frontend/.next/server/app/auth/register/page.js'
<w> [webpack.cache.PackFileCacheStrategy/webpack.FileSystemInfo] Resolving '../../../../.next/server/app/auth/register/page' in /Users/palash/Development/intern/frontend/node_modules/next/dist/server for build dependencies doesn't lead to expected result '/Users/palash/Development/intern/frontend/.next/server/app/auth/register/page.js', but to 'Error: Can't resolve '../../../../.next/server/app/auth/register/page' in '/Users/palash/Development/intern/frontend/node_modules/next/dist/server'' instead. Resolving dependencies are ignored for this path.
<w>  at resolve commonjs file ../../../../.next/server/app/auth/register/page (expected /Users/palash/Development/intern/frontend/.next/server/app/auth/register/page.js)
<w>  at file dependencies /Users/palash/Development/intern/frontend/node_modules/next/dist/server/require.js
<w>  at file /Users/palash/Development/intern/frontend/node_modules/next/dist/server/require.js
<w>  at file dependencies /Users/palash/Development/intern/frontend/node_modules/next/dist/server/load-components.js
<w>  at file /Users/palash/Development/intern/frontend/node_modules/next/dist/server/load-components.js
<w>  at file dependencies /Users/palash/Development/intern/frontend/node_modules/next/dist/build/utils.js
<w>  at file /Users/palash/Development/intern/frontend/node_modules/next/dist/build/utils.js
<w>  at file dependencies /Users/palash/Development/intern/frontend/node_modules/next/dist/build/webpack/loaders/next-route-loader/index.js
<w>  at file /Users/palash/Development/intern/frontend/node_modules/next/dist/build/webpack/loaders/next-route-loader/index.js
<w>  at resolve commonjs /Users/palash/Development/intern/frontend/node_modules/next/dist/build/webpack/loaders/next-route-loader/index.js
 ⨯ TypeError: __webpack_modules__[moduleId] is not a function
    at __webpack_require__ (/Users/palash/Development/intern/frontend/.next/server/webpack-runtime.js:33:42)
    at eval (./src/app/doctor/dashboard/page.tsx:9:223)
    at (ssr)/./src/app/doctor/dashboard/page.tsx (/Users/palash/Development/intern/frontend/.next/server/app/doctor/dashboard/page.js:261:1)
    at Object.__webpack_require__ [as require] (/Users/palash/Development/intern/frontend/.next/server/webpack-runtime.js:33:42)
digest: "2499414441"
 GET /doctor/dashboard 500 in 16ms
 ⨯ TypeError: __webpack_modules__[moduleId] is not a function
    at __webpack_require__ (/Users/palash/Development/intern/frontend/.next/server/webpack-runtime.js:33:42)
    at eval (./src/app/doctor/dashboard/page.tsx:9:223)
    at (ssr)/./src/app/doctor/dashboard/page.tsx (/Users/palash/Development/intern/frontend/.next/server/app/doctor/dashboard/page.js:261:1)
    at Object.__webpack_require__ [as require] (/Users/palash/Development/intern/frontend/.next/server/webpack-runtime.js:33:42)
digest: "2499414441"
 GET /doctor/dashboard 500 in 20ms
 ⨯ TypeError: __webpack_modules__[moduleId] is not a function
    at __webpack_require__ (/Users/palash/Development/intern/frontend/.next/server/webpack-runtime.js:33:42)
    at eval (./src/app/doctor/dashboard/page.tsx:9:223)
    at (ssr)/./src/app/doctor/dashboard/page.tsx (/Users/palash/Development/intern/frontend/.next/server/app/doctor/dashboard/page.js:261:1)
    at Object.__webpack_require__ [as require] (/Users/palash/Development/intern/frontend/.next/server/webpack-runtime.js:33:42)
digest: "2499414441"
 GET /doctor/dashboard 500 in 20ms
 ⨯ TypeError: __webpack_modules__[moduleId] is not a function
    at __webpack_require__ (/Users/palash/Development/intern/frontend/.next/server/webpack-runtime.js:33:42)
    at eval (./src/app/doctor/dashboard/page.tsx:9:223)
    at (ssr)/./src/app/doctor/dashboard/page.tsx (/Users/palash/Development/intern/frontend/.next/server/app/doctor/dashboard/page.js:261:1)
    at Object.__webpack_require__ [as require] (/Users/palash/Development/intern/frontend/.next/server/webpack-runtime.js:33:42)
digest: "2499414441"
 GET /doctor/dashboard 500 in 21ms
 ⨯ TypeError: __webpack_modules__[moduleId] is not a function
    at __webpack_require__ (/Users/palash/Development/intern/frontend/.next/server/webpack-runtime.js:33:42)
    at eval (./src/app/doctor/dashboard/page.tsx:9:223)
    at (ssr)/./src/app/doctor/dashboard/page.tsx (/Users/palash/Development/intern/frontend/.next/server/app/doctor/dashboard/page.js:261:1)
    at Object.__webpack_require__ [as require] (/Users/palash/Development/intern/frontend/.next/server/webpack-runtime.js:33:42)
digest: "2499414441"
 GET /doctor/dashboard 500 in 22ms
 ⨯ TypeError: __webpack_modules__[moduleId] is not a function
    at __webpack_require__ (/Users/palash/Development/intern/frontend/.next/server/webpack-runtime.js:33:42)
    at eval (./src/app/doctor/dashboard/page.tsx:9:223)
    at (ssr)/./src/app/doctor/dashboard/page.tsx (/Users/palash/Development/intern/frontend/.next/server/app/doctor/dashboard/page.js:261:1)
    at Object.__webpack_require__ [as require] (/Users/palash/Development/intern/frontend/.next/server/webpack-runtime.js:33:42)
digest: "2499414441"
 GET /doctor/dashboard 500 in 20ms
 ⨯ TypeError: __webpack_modules__[moduleId] is not a function
    at __webpack_require__ (/Users/palash/Development/intern/frontend/.next/server/webpack-runtime.js:33:42)
    at eval (./src/app/doctor/dashboard/page.tsx:9:223)
    at (ssr)/./src/app/doctor/dashboard/page.tsx (/Users/palash/Development/intern/frontend/.next/server/app/doctor/dashboard/page.js:261:1)
    at Object.__webpack_require__ [as require] (/Users/palash/Development/intern/frontend/.next/server/webpack-runtime.js:33:42)
digest: "2499414441"
 GET /doctor/dashboard 500 in 26ms
 ✓ Compiled in 875ms (1679 modules)
 ✓ Compiled in 524ms (882 modules)
 ✓ Compiled in 302ms (882 modules)
 ✓ Compiled in 309ms (882 modules)
 ✓ Compiled in 513ms (1693 modules)
 ⨯ TypeError: __webpack_modules__[moduleId] is not a function
    at __webpack_require__ (/Users/palash/Development/intern/frontend/.next/server/webpack-runtime.js:33:42)
    at eval (./src/app/doctor/dashboard/page.tsx:9:223)
    at (ssr)/./src/app/doctor/dashboard/page.tsx (/Users/palash/Development/intern/frontend/.next/server/app/doctor/dashboard/page.js:261:1)
    at Object.__webpack_require__ [as require] (/Users/palash/Development/intern/frontend/.next/server/webpack-runtime.js:33:42)
digest: "2499414441"
 GET /doctor/dashboard 500 in 398ms
 ⨯ TypeError: __webpack_modules__[moduleId] is not a function
    at __webpack_require__ (/Users/palash/Development/intern/frontend/.next/server/webpack-runtime.js:33:42)
    at eval (./src/app/doctor/dashboard/page.tsx:9:223)
    at (ssr)/./src/app/doctor/dashboard/page.tsx (/Users/palash/Development/intern/frontend/.next/server/app/doctor/dashboard/page.js:261:1)
    at Object.__webpack_require__ [as require] (/Users/palash/Development/intern/frontend/.next/server/webpack-runtime.js:33:42)
digest: "2499414441"
 GET /doctor/dashboard 500 in 17ms
 ⨯ TypeError: __webpack_modules__[moduleId] is not a function
    at __webpack_require__ (/Users/palash/Development/intern/frontend/.next/server/webpack-runtime.js:33:42)
    at eval (./src/app/doctor/dashboard/page.tsx:9:223)
    at (ssr)/./src/app/doctor/dashboard/page.tsx (/Users/palash/Development/intern/frontend/.next/server/app/doctor/dashboard/page.js:261:1)
    at Object.__webpack_require__ [as require] (/Users/palash/Development/intern/frontend/.next/server/webpack-runtime.js:33:42)
digest: "2499414441"
 GET /doctor/dashboard 500 in 16ms
 ⨯ TypeError: __webpack_modules__[moduleId] is not a function
    at __webpack_require__ (/Users/palash/Development/intern/frontend/.next/server/webpack-runtime.js:33:42)
    at eval (./src/app/doctor/dashboard/page.tsx:9:223)
    at (ssr)/./src/app/doctor/dashboard/page.tsx (/Users/palash/Development/intern/frontend/.next/server/app/doctor/dashboard/page.js:261:1)
    at Object.__webpack_require__ [as require] (/Users/palash/Development/intern/frontend/.next/server/webpack-runtime.js:33:42)
digest: "2499414441"
 GET /doctor/dashboard 500 in 17ms
 ⨯ TypeError: __webpack_modules__[moduleId] is not a function
    at __webpack_require__ (/Users/palash/Development/intern/frontend/.next/server/webpack-runtime.js:33:42)
    at eval (./src/app/doctor/dashboard/page.tsx:9:223)
    at (ssr)/./src/app/doctor/dashboard/page.tsx (/Users/palash/Development/intern/frontend/.next/server/app/doctor/dashboard/page.js:261:1)
    at Object.__webpack_require__ [as require] (/Users/palash/Development/intern/frontend/.next/server/webpack-runtime.js:33:42)
digest: "2499414441"
 GET /doctor/dashboard 500 in 18ms
 ⨯ TypeError: __webpack_modules__[moduleId] is not a function
    at __webpack_require__ (/Users/palash/Development/intern/frontend/.next/server/webpack-runtime.js:33:42)
    at eval (./src/app/doctor/dashboard/page.tsx:9:223)
    at (ssr)/./src/app/doctor/dashboard/page.tsx (/Users/palash/Development/intern/frontend/.next/server/app/doctor/dashboard/page.js:261:1)
    at Object.__webpack_require__ [as require] (/Users/palash/Development/intern/frontend/.next/server/webpack-runtime.js:33:42)
digest: "2499414441"
 GET /doctor/dashboard 500 in 18ms
 ⨯ TypeError: __webpack_modules__[moduleId] is not a function
    at __webpack_require__ (/Users/palash/Development/intern/frontend/.next/server/webpack-runtime.js:33:42)
    at eval (./src/app/doctor/dashboard/page.tsx:9:223)
    at (ssr)/./src/app/doctor/dashboard/page.tsx (/Users/palash/Development/intern/frontend/.next/server/app/doctor/dashboard/page.js:261:1)
    at Object.__webpack_require__ [as require] (/Users/palash/Development/intern/frontend/.next/server/webpack-runtime.js:33:42)
digest: "2499414441"
 GET /doctor/dashboard 500 in 22ms
 ✓ Compiled in 458ms (1693 modules)
 ⨯ TypeError: __webpack_modules__[moduleId] is not a function
    at __webpack_require__ (/Users/palash/Development/intern/frontend/.next/server/webpack-runtime.js:33:42)
    at eval (./src/app/doctor/dashboard/page.tsx:9:223)
    at (ssr)/./src/app/doctor/dashboard/page.tsx (/Users/palash/Development/intern/frontend/.next/server/app/doctor/dashboard/page.js:261:1)
    at Object.__webpack_require__ [as require] (/Users/palash/Development/intern/frontend/.next/server/webpack-runtime.js:33:42)
digest: "2499414441"
 GET /doctor/dashboard 500 in 63ms
 ⨯ TypeError: __webpack_modules__[moduleId] is not a function
    at __webpack_require__ (/Users/palash/Development/intern/frontend/.next/server/webpack-runtime.js:33:42)
    at eval (./src/app/doctor/dashboard/page.tsx:9:223)
    at (ssr)/./src/app/doctor/dashboard/page.tsx (/Users/palash/Development/intern/frontend/.next/server/app/doctor/dashboard/page.js:261:1)
    at Object.__webpack_require__ [as require] (/Users/palash/Development/intern/frontend/.next/server/webpack-runtime.js:33:42)
digest: "2499414441"
 GET /doctor/dashboard 500 in 17ms
 ⨯ TypeError: __webpack_modules__[moduleId] is not a function
    at __webpack_require__ (/Users/palash/Development/intern/frontend/.next/server/webpack-runtime.js:33:42)
    at eval (./src/app/doctor/dashboard/page.tsx:9:223)
    at (ssr)/./src/app/doctor/dashboard/page.tsx (/Users/palash/Development/intern/frontend/.next/server/app/doctor/dashboard/page.js:261:1)
    at Object.__webpack_require__ [as require] (/Users/palash/Development/intern/frontend/.next/server/webpack-runtime.js:33:42)
digest: "2499414441"
 GET /doctor/dashboard 500 in 23ms
 ⨯ TypeError: __webpack_modules__[moduleId] is not a function
    at __webpack_require__ (/Users/palash/Development/intern/frontend/.next/server/webpack-runtime.js:33:42)
    at eval (./src/app/doctor/dashboard/page.tsx:9:223)
    at (ssr)/./src/app/doctor/dashboard/page.tsx (/Users/palash/Development/intern/frontend/.next/server/app/doctor/dashboard/page.js:261:1)
    at Object.__webpack_require__ [as require] (/Users/palash/Development/intern/frontend/.next/server/webpack-runtime.js:33:42)
digest: "2499414441"
 GET /doctor/dashboard 500 in 24ms
 ⨯ TypeError: __webpack_modules__[moduleId] is not a function
    at __webpack_require__ (/Users/palash/Development/intern/frontend/.next/server/webpack-runtime.js:33:42)
    at eval (./src/app/doctor/dashboard/page.tsx:9:223)
    at (ssr)/./src/app/doctor/dashboard/page.tsx (/Users/palash/Development/intern/frontend/.next/server/app/doctor/dashboard/page.js:261:1)
    at Object.__webpack_require__ [as require] (/Users/palash/Development/intern/frontend/.next/server/webpack-runtime.js:33:42)
digest: "2499414441"
 GET /doctor/dashboard 500 in 22ms
 ⨯ TypeError: __webpack_modules__[moduleId] is not a function
    at __webpack_require__ (/Users/palash/Development/intern/frontend/.next/server/webpack-runtime.js:33:42)
    at eval (./src/app/doctor/dashboard/page.tsx:9:223)
    at (ssr)/./src/app/doctor/dashboard/page.tsx (/Users/palash/Development/intern/frontend/.next/server/app/doctor/dashboard/page.js:261:1)
    at Object.__webpack_require__ [as require] (/Users/palash/Development/intern/frontend/.next/server/webpack-runtime.js:33:42)
digest: "2499414441"
 GET /doctor/dashboard 500 in 23ms
 ⨯ TypeError: __webpack_modules__[moduleId] is not a function
    at __webpack_require__ (/Users/palash/Development/intern/frontend/.next/server/webpack-runtime.js:33:42)
    at eval (./src/app/doctor/dashboard/page.tsx:9:223)
    at (ssr)/./src/app/doctor/dashboard/page.tsx (/Users/palash/Development/intern/frontend/.next/server/app/doctor/dashboard/page.js:261:1)
    at Object.__webpack_require__ [as require] (/Users/palash/Development/intern/frontend/.next/server/webpack-runtime.js:33:42)
digest: "2499414441"
 GET /doctor/dashboard 500 in 21ms
 ⨯ TypeError: __webpack_modules__[moduleId] is not a function
    at __webpack_require__ (/Users/palash/Development/intern/frontend/.next/server/webpack-runtime.js:33:42)
    at eval (./src/app/doctor/dashboard/page.tsx:9:223)
    at (ssr)/./src/app/doctor/dashboard/page.tsx (/Users/palash/Development/intern/frontend/.next/server/app/doctor/dashboard/page.js:261:1)
    at Object.__webpack_require__ [as require] (/Users/palash/Development/intern/frontend/.next/server/webpack-runtime.js:33:42)
digest: "2499414441"
 GET /doctor/dashboard 500 in 24ms
 ⨯ TypeError: __webpack_modules__[moduleId] is not a function
    at __webpack_require__ (/Users/palash/Development/intern/frontend/.next/server/webpack-runtime.js:33:42)
    at eval (./src/app/doctor/dashboard/page.tsx:9:223)
    at (ssr)/./src/app/doctor/dashboard/page.tsx (/Users/palash/Development/intern/frontend/.next/server/app/doctor/dashboard/page.js:261:1)
    at Object.__webpack_require__ [as require] (/Users/palash/Development/intern/frontend/.next/server/webpack-runtime.js:33:42)
digest: "2499414441"
 GET /doctor/dashboard 500 in 24ms
 ⨯ TypeError: __webpack_modules__[moduleId] is not a function
    at __webpack_require__ (/Users/palash/Development/intern/frontend/.next/server/webpack-runtime.js:33:42)
    at eval (./src/app/doctor/dashboard/page.tsx:9:223)
    at (ssr)/./src/app/doctor/dashboard/page.tsx (/Users/palash/Development/intern/frontend/.next/server/app/doctor/dashboard/page.js:261:1)
    at Object.__webpack_require__ [as require] (/Users/palash/Development/intern/frontend/.next/server/webpack-runtime.js:33:42)
digest: "2499414441"
 GET /doctor/dashboard 500 in 22ms
 ⨯ TypeError: __webpack_modules__[moduleId] is not a function
    at __webpack_require__ (/Users/palash/Development/intern/frontend/.next/server/webpack-runtime.js:33:42)
    at eval (./src/app/doctor/dashboard/page.tsx:9:223)
    at (ssr)/./src/app/doctor/dashboard/page.tsx (/Users/palash/Development/intern/frontend/.next/server/app/doctor/dashboard/page.js:261:1)
    at Object.__webpack_require__ [as require] (/Users/palash/Development/intern/frontend/.next/server/webpack-runtime.js:33:42)
digest: "2499414441"
 GET /doctor/dashboard 500 in 19ms
 ⨯ TypeError: __webpack_modules__[moduleId] is not a function
    at __webpack_require__ (/Users/palash/Development/intern/frontend/.next/server/webpack-runtime.js:33:42)
    at eval (./src/app/doctor/dashboard/page.tsx:9:223)
    at (ssr)/./src/app/doctor/dashboard/page.tsx (/Users/palash/Development/intern/frontend/.next/server/app/doctor/dashboard/page.js:261:1)
    at Object.__webpack_require__ [as require] (/Users/palash/Development/intern/frontend/.next/server/webpack-runtime.js:33:42)
digest: "2499414441"
 GET /doctor/dashboard 500 in 17ms
 ⨯ TypeError: __webpack_modules__[moduleId] is not a function
    at __webpack_require__ (/Users/palash/Development/intern/frontend/.next/server/webpack-runtime.js:33:42)
    at eval (./src/app/doctor/dashboard/page.tsx:9:223)
    at (ssr)/./src/app/doctor/dashboard/page.tsx (/Users/palash/Development/intern/frontend/.next/server/app/doctor/dashboard/page.js:261:1)
    at Object.__webpack_require__ [as require] (/Users/palash/Development/intern/frontend/.next/server/webpack-runtime.js:33:42)
digest: "2499414441"
 GET /doctor/dashboard 500 in 20ms
 ⨯ TypeError: __webpack_modules__[moduleId] is not a function
    at __webpack_require__ (/Users/palash/Development/intern/frontend/.next/server/webpack-runtime.js:33:42)
    at eval (./src/app/doctor/dashboard/page.tsx:9:223)
    at (ssr)/./src/app/doctor/dashboard/page.tsx (/Users/palash/Development/intern/frontend/.next/server/app/doctor/dashboard/page.js:261:1)
    at Object.__webpack_require__ [as require] (/Users/palash/Development/intern/frontend/.next/server/webpack-runtime.js:33:42)
digest: "2499414441"
 GET /doctor/dashboard 500 in 20ms
 ⨯ TypeError: __webpack_modules__[moduleId] is not a function
    at __webpack_require__ (/Users/palash/Development/intern/frontend/.next/server/webpack-runtime.js:33:42)
    at eval (./src/app/doctor/dashboard/page.tsx:9:223)
    at (ssr)/./src/app/doctor/dashboard/page.tsx (/Users/palash/Development/intern/frontend/.next/server/app/doctor/dashboard/page.js:261:1)
    at Object.__webpack_require__ [as require] (/Users/palash/Development/intern/frontend/.next/server/webpack-runtime.js:33:42)
digest: "2499414441"
 GET /doctor/dashboard 500 in 19ms
 ⨯ TypeError: __webpack_modules__[moduleId] is not a function
    at __webpack_require__ (/Users/palash/Development/intern/frontend/.next/server/webpack-runtime.js:33:42)
    at eval (./src/app/doctor/dashboard/page.tsx:9:223)
    at (ssr)/./src/app/doctor/dashboard/page.tsx (/Users/palash/Development/intern/frontend/.next/server/app/doctor/dashboard/page.js:261:1)
    at Object.__webpack_require__ [as require] (/Users/palash/Development/intern/frontend/.next/server/webpack-runtime.js:33:42)
digest: "2499414441"
 GET /doctor/dashboard 500 in 18ms
 ⨯ TypeError: __webpack_modules__[moduleId] is not a function
    at __webpack_require__ (/Users/palash/Development/intern/frontend/.next/server/webpack-runtime.js:33:42)
    at eval (./src/app/doctor/dashboard/page.tsx:9:223)
    at (ssr)/./src/app/doctor/dashboard/page.tsx (/Users/palash/Development/intern/frontend/.next/server/app/doctor/dashboard/page.js:261:1)
    at Object.__webpack_require__ [as require] (/Users/palash/Development/intern/frontend/.next/server/webpack-runtime.js:33:42)
digest: "2499414441"
 GET /doctor/dashboard 500 in 23ms
 ⨯ TypeError: __webpack_modules__[moduleId] is not a function
    at __webpack_require__ (/Users/palash/Development/intern/frontend/.next/server/webpack-runtime.js:33:42)
    at eval (./src/app/doctor/dashboard/page.tsx:9:223)
    at (ssr)/./src/app/doctor/dashboard/page.tsx (/Users/palash/Development/intern/frontend/.next/server/app/doctor/dashboard/page.js:261:1)
    at Object.__webpack_require__ [as require] (/Users/palash/Development/intern/frontend/.next/server/webpack-runtime.js:33:42)
digest: "2499414441"
 GET /doctor/dashboard 500 in 19ms
 ⨯ TypeError: __webpack_modules__[moduleId] is not a function
    at __webpack_require__ (/Users/palash/Development/intern/frontend/.next/server/webpack-runtime.js:33:42)
    at eval (./src/app/doctor/dashboard/page.tsx:9:223)
    at (ssr)/./src/app/doctor/dashboard/page.tsx (/Users/palash/Development/intern/frontend/.next/server/app/doctor/dashboard/page.js:261:1)
    at Object.__webpack_require__ [as require] (/Users/palash/Development/intern/frontend/.next/server/webpack-runtime.js:33:42)
digest: "2499414441"
 GET /doctor/dashboard 500 in 16ms
 ⨯ TypeError: __webpack_modules__[moduleId] is not a function
    at __webpack_require__ (/Users/palash/Development/intern/frontend/.next/server/webpack-runtime.js:33:42)
    at eval (./src/app/doctor/dashboard/page.tsx:9:223)
    at (ssr)/./src/app/doctor/dashboard/page.tsx (/Users/palash/Development/intern/frontend/.next/server/app/doctor/dashboard/page.js:261:1)
    at Object.__webpack_require__ [as require] (/Users/palash/Development/intern/frontend/.next/server/webpack-runtime.js:33:42)
digest: "2499414441"
 GET /doctor/dashboard 500 in 16ms
 ⨯ TypeError: __webpack_modules__[moduleId] is not a function
    at __webpack_require__ (/Users/palash/Development/intern/frontend/.next/server/webpack-runtime.js:33:42)
    at eval (./src/app/doctor/dashboard/page.tsx:9:223)
    at (ssr)/./src/app/doctor/dashboard/page.tsx (/Users/palash/Development/intern/frontend/.next/server/app/doctor/dashboard/page.js:261:1)
    at Object.__webpack_require__ [as require] (/Users/palash/Development/intern/frontend/.next/server/webpack-runtime.js:33:42)
digest: "2499414441"
 GET /doctor/dashboard 500 in 18ms
 ⨯ TypeError: __webpack_modules__[moduleId] is not a function
    at __webpack_require__ (/Users/palash/Development/intern/frontend/.next/server/webpack-runtime.js:33:42)
    at eval (./src/app/doctor/dashboard/page.tsx:9:223)
    at (ssr)/./src/app/doctor/dashboard/page.tsx (/Users/palash/Development/intern/frontend/.next/server/app/doctor/dashboard/page.js:261:1)
    at Object.__webpack_require__ [as require] (/Users/palash/Development/intern/frontend/.next/server/webpack-runtime.js:33:42)
digest: "2499414441"
 GET /doctor/dashboard 500 in 18ms
 ⨯ TypeError: __webpack_modules__[moduleId] is not a function
    at __webpack_require__ (/Users/palash/Development/intern/frontend/.next/server/webpack-runtime.js:33:42)
    at eval (./src/app/doctor/dashboard/page.tsx:9:223)
    at (ssr)/./src/app/doctor/dashboard/page.tsx (/Users/palash/Development/intern/frontend/.next/server/app/doctor/dashboard/page.js:261:1)
    at Object.__webpack_require__ [as require] (/Users/palash/Development/intern/frontend/.next/server/webpack-runtime.js:33:42)
digest: "2499414441"
 GET /doctor/dashboard 500 in 23ms
 ⨯ TypeError: __webpack_modules__[moduleId] is not a function
    at __webpack_require__ (/Users/palash/Development/intern/frontend/.next/server/webpack-runtime.js:33:42)
    at eval (./src/app/doctor/dashboard/page.tsx:9:223)
    at (ssr)/./src/app/doctor/dashboard/page.tsx (/Users/palash/Development/intern/frontend/.next/server/app/doctor/dashboard/page.js:261:1)
    at Object.__webpack_require__ [as require] (/Users/palash/Development/intern/frontend/.next/server/webpack-runtime.js:33:42)
digest: "2499414441"
 GET /doctor/dashboard 500 in 24ms
 ⨯ TypeError: __webpack_modules__[moduleId] is not a function
    at __webpack_require__ (/Users/palash/Development/intern/frontend/.next/server/webpack-runtime.js:33:42)
    at eval (./src/app/doctor/dashboard/page.tsx:9:223)
    at (ssr)/./src/app/doctor/dashboard/page.tsx (/Users/palash/Development/intern/frontend/.next/server/app/doctor/dashboard/page.js:261:1)
    at Object.__webpack_require__ [as require] (/Users/palash/Development/intern/frontend/.next/server/webpack-runtime.js:33:42)
digest: "2499414441"
 GET /doctor/dashboard 500 in 21ms
 ⨯ TypeError: __webpack_modules__[moduleId] is not a function
    at __webpack_require__ (/Users/palash/Development/intern/frontend/.next/server/webpack-runtime.js:33:42)
    at eval (./src/app/doctor/dashboard/page.tsx:9:223)
    at (ssr)/./src/app/doctor/dashboard/page.tsx (/Users/palash/Development/intern/frontend/.next/server/app/doctor/dashboard/page.js:261:1)
    at Object.__webpack_require__ [as require] (/Users/palash/Development/intern/frontend/.next/server/webpack-runtime.js:33:42)
digest: "2499414441"
 GET /doctor/dashboard 500 in 17ms
 ⨯ TypeError: __webpack_modules__[moduleId] is not a function
    at __webpack_require__ (/Users/palash/Development/intern/frontend/.next/server/webpack-runtime.js:33:42)
    at eval (./src/app/doctor/dashboard/page.tsx:9:223)
    at (ssr)/./src/app/doctor/dashboard/page.tsx (/Users/palash/Development/intern/frontend/.next/server/app/doctor/dashboard/page.js:261:1)
    at Object.__webpack_require__ [as require] (/Users/palash/Development/intern/frontend/.next/server/webpack-runtime.js:33:42)
digest: "2499414441"
 GET /doctor/dashboard 500 in 18ms
 ⨯ TypeError: __webpack_modules__[moduleId] is not a function
    at __webpack_require__ (/Users/palash/Development/intern/frontend/.next/server/webpack-runtime.js:33:42)
    at eval (./src/app/doctor/dashboard/page.tsx:9:223)
    at (ssr)/./src/app/doctor/dashboard/page.tsx (/Users/palash/Development/intern/frontend/.next/server/app/doctor/dashboard/page.js:261:1)
    at Object.__webpack_require__ [as require] (/Users/palash/Development/intern/frontend/.next/server/webpack-runtime.js:33:42)
digest: "2499414441"
 GET /doctor/dashboard 500 in 20ms
 ⨯ TypeError: __webpack_modules__[moduleId] is not a function
    at __webpack_require__ (/Users/palash/Development/intern/frontend/.next/server/webpack-runtime.js:33:42)
    at eval (./src/app/doctor/dashboard/page.tsx:9:223)
    at (ssr)/./src/app/doctor/dashboard/page.tsx (/Users/palash/Development/intern/frontend/.next/server/app/doctor/dashboard/page.js:261:1)
    at Object.__webpack_require__ [as require] (/Users/palash/Development/intern/frontend/.next/server/webpack-runtime.js:33:42)
digest: "2499414441"
 GET /doctor/dashboard 500 in 17ms
 ✓ Compiled in 671ms (1693 modules)
 ⨯ TypeError: __webpack_modules__[moduleId] is not a function
    at __webpack_require__ (/Users/palash/Development/intern/frontend/.next/server/webpack-runtime.js:33:42)
    at eval (./src/app/doctor/dashboard/page.tsx:9:223)
    at (ssr)/./src/app/doctor/dashboard/page.tsx (/Users/palash/Development/intern/frontend/.next/server/app/doctor/dashboard/page.js:261:1)
    at Object.__webpack_require__ [as require] (/Users/palash/Development/intern/frontend/.next/server/webpack-runtime.js:33:42)
digest: "2499414441"
 GET /doctor/dashboard 500 in 316ms
<w> [webpack.cache.PackFileCacheStrategy] Caching failed for pack: Error: ENOENT: no such file or directory, lstat '/Users/palash/Development/intern/frontend/.next/server/app/auth/register/page.js'
<w> [webpack.cache.PackFileCacheStrategy/webpack.FileSystemInfo] Resolving '../../../../.next/server/app/auth/register/page' in /Users/palash/Development/intern/frontend/node_modules/next/dist/server for build dependencies doesn't lead to expected result '/Users/palash/Development/intern/frontend/.next/server/app/auth/register/page.js', but to 'Error: Can't resolve '../../../../.next/server/app/auth/register/page' in '/Users/palash/Development/intern/frontend/node_modules/next/dist/server'' instead. Resolving dependencies are ignored for this path.
<w>  at resolve commonjs file ../../../../.next/server/app/auth/register/page (expected /Users/palash/Development/intern/frontend/.next/server/app/auth/register/page.js)
<w>  at file dependencies /Users/palash/Development/intern/frontend/node_modules/next/dist/server/require.js
<w>  at file /Users/palash/Development/intern/frontend/node_modules/next/dist/server/require.js
<w>  at file dependencies /Users/palash/Development/intern/frontend/node_modules/next/dist/server/load-components.js
<w>  at file /Users/palash/Development/intern/frontend/node_modules/next/dist/server/load-components.js
<w>  at file dependencies /Users/palash/Development/intern/frontend/node_modules/next/dist/build/utils.js
<w>  at file /Users/palash/Development/intern/frontend/node_modules/next/dist/build/utils.js
<w>  at file dependencies /Users/palash/Development/intern/frontend/node_modules/next/dist/build/webpack/loaders/next-route-loader/index.js
<w>  at file /Users/palash/Development/intern/frontend/node_modules/next/dist/build/webpack/loaders/next-route-loader/index.js
<w>  at resolve commonjs /Users/palash/Development/intern/frontend/node_modules/next/dist/build/webpack/loaders/next-route-loader/index.js
 ⨯ TypeError: __webpack_modules__[moduleId] is not a function
    at __webpack_require__ (/Users/palash/Development/intern/frontend/.next/server/webpack-runtime.js:33:42)
    at eval (./src/app/doctor/dashboard/page.tsx:9:223)
    at (ssr)/./src/app/doctor/dashboard/page.tsx (/Users/palash/Development/intern/frontend/.next/server/app/doctor/dashboard/page.js:261:1)
    at Object.__webpack_require__ [as require] (/Users/palash/Development/intern/frontend/.next/server/webpack-runtime.js:33:42)
digest: "2499414441"
 GET /doctor/dashboard 500 in 17ms
 ⨯ TypeError: __webpack_modules__[moduleId] is not a function
    at __webpack_require__ (/Users/palash/Development/intern/frontend/.next/server/webpack-runtime.js:33:42)
    at eval (./src/app/doctor/dashboard/page.tsx:9:223)
    at (ssr)/./src/app/doctor/dashboard/page.tsx (/Users/palash/Development/intern/frontend/.next/server/app/doctor/dashboard/page.js:261:1)
    at Object.__webpack_require__ [as require] (/Users/palash/Development/intern/frontend/.next/server/webpack-runtime.js:33:42)
digest: "2499414441"
 GET /doctor/dashboard 500 in 21ms
 ⨯ TypeError: __webpack_modules__[moduleId] is not a function
    at __webpack_require__ (/Users/palash/Development/intern/frontend/.next/server/webpack-runtime.js:33:42)
    at eval (./src/app/doctor/dashboard/page.tsx:9:223)
    at (ssr)/./src/app/doctor/dashboard/page.tsx (/Users/palash/Development/intern/frontend/.next/server/app/doctor/dashboard/page.js:261:1)
    at Object.__webpack_require__ [as require] (/Users/palash/Development/intern/frontend/.next/server/webpack-runtime.js:33:42)
digest: "2499414441"
 GET /doctor/dashboard 500 in 27ms
 ⨯ TypeError: __webpack_modules__[moduleId] is not a function
    at __webpack_require__ (/Users/palash/Development/intern/frontend/.next/server/webpack-runtime.js:33:42)
    at eval (./src/app/doctor/dashboard/page.tsx:9:223)
    at (ssr)/./src/app/doctor/dashboard/page.tsx (/Users/palash/Development/intern/frontend/.next/server/app/doctor/dashboard/page.js:261:1)
    at Object.__webpack_require__ [as require] (/Users/palash/Development/intern/frontend/.next/server/webpack-runtime.js:33:42)
digest: "2499414441"
 GET /doctor/dashboard 500 in 23ms
 ⨯ TypeError: __webpack_modules__[moduleId] is not a function
    at __webpack_require__ (/Users/palash/Development/intern/frontend/.next/server/webpack-runtime.js:33:42)
    at eval (./src/app/doctor/dashboard/page.tsx:9:223)
    at (ssr)/./src/app/doctor/dashboard/page.tsx (/Users/palash/Development/intern/frontend/.next/server/app/doctor/dashboard/page.js:261:1)
    at Object.__webpack_require__ [as require] (/Users/palash/Development/intern/frontend/.next/server/webpack-runtime.js:33:42)
digest: "2499414441"
 GET /doctor/dashboard 500 in 37ms
 ⨯ TypeError: __webpack_modules__[moduleId] is not a function
    at __webpack_require__ (/Users/palash/Development/intern/frontend/.next/server/webpack-runtime.js:33:42)
    at eval (./src/app/doctor/dashboard/page.tsx:9:223)
    at (ssr)/./src/app/doctor/dashboard/page.tsx (/Users/palash/Development/intern/frontend/.next/server/app/doctor/dashboard/page.js:261:1)
    at Object.__webpack_require__ [as require] (/Users/palash/Development/intern/frontend/.next/server/webpack-runtime.js:33:42)
digest: "2499414441"
 GET /doctor/dashboard 500 in 24ms
 ⨯ TypeError: __webpack_modules__[moduleId] is not a function
    at __webpack_require__ (/Users/palash/Development/intern/frontend/.next/server/webpack-runtime.js:33:42)
    at eval (./src/app/doctor/dashboard/page.tsx:9:223)
    at (ssr)/./src/app/doctor/dashboard/page.tsx (/Users/palash/Development/intern/frontend/.next/server/app/doctor/dashboard/page.js:261:1)
    at Object.__webpack_require__ [as require] (/Users/palash/Development/intern/frontend/.next/server/webpack-runtime.js:33:42)
digest: "2499414441"
 GET /doctor/dashboard 500 in 22ms
 ⨯ TypeError: __webpack_modules__[moduleId] is not a function
    at __webpack_require__ (/Users/palash/Development/intern/frontend/.next/server/webpack-runtime.js:33:42)
    at eval (./src/app/doctor/dashboard/page.tsx:9:223)
    at (ssr)/./src/app/doctor/dashboard/page.tsx (/Users/palash/Development/intern/frontend/.next/server/app/doctor/dashboard/page.js:261:1)
    at Object.__webpack_require__ [as require] (/Users/palash/Development/intern/frontend/.next/server/webpack-runtime.js:33:42)
digest: "2499414441"
 GET /doctor/dashboard 500 in 22ms
 ⨯ TypeError: __webpack_modules__[moduleId] is not a function
    at __webpack_require__ (/Users/palash/Development/intern/frontend/.next/server/webpack-runtime.js:33:42)
    at eval (./src/app/doctor/dashboard/page.tsx:9:223)
    at (ssr)/./src/app/doctor/dashboard/page.tsx (/Users/palash/Development/intern/frontend/.next/server/app/doctor/dashboard/page.js:261:1)
    at Object.__webpack_require__ [as require] (/Users/palash/Development/intern/frontend/.next/server/webpack-runtime.js:33:42)
digest: "2499414441"
 GET /doctor/dashboard 500 in 63ms
 ⨯ TypeError: __webpack_modules__[moduleId] is not a function
    at __webpack_require__ (/Users/palash/Development/intern/frontend/.next/server/webpack-runtime.js:33:42)
    at eval (./src/app/doctor/dashboard/page.tsx:9:223)
    at (ssr)/./src/app/doctor/dashboard/page.tsx (/Users/palash/Development/intern/frontend/.next/server/app/doctor/dashboard/page.js:261:1)
    at Object.__webpack_require__ [as require] (/Users/palash/Development/intern/frontend/.next/server/webpack-runtime.js:33:42)
digest: "2499414441"
 GET /doctor/dashboard 500 in 16ms
 ⨯ TypeError: __webpack_modules__[moduleId] is not a function
    at __webpack_require__ (/Users/palash/Development/intern/frontend/.next/server/webpack-runtime.js:33:42)
    at eval (./src/app/doctor/dashboard/page.tsx:9:223)
    at (ssr)/./src/app/doctor/dashboard/page.tsx (/Users/palash/Development/intern/frontend/.next/server/app/doctor/dashboard/page.js:261:1)
    at Object.__webpack_require__ [as require] (/Users/palash/Development/intern/frontend/.next/server/webpack-runtime.js:33:42)
digest: "2499414441"
 GET /doctor/dashboard 500 in 16ms
 ⨯ TypeError: __webpack_modules__[moduleId] is not a function
    at __webpack_require__ (/Users/palash/Development/intern/frontend/.next/server/webpack-runtime.js:33:42)
    at eval (./src/app/doctor/dashboard/page.tsx:9:223)
    at (ssr)/./src/app/doctor/dashboard/page.tsx (/Users/palash/Development/intern/frontend/.next/server/app/doctor/dashboard/page.js:261:1)
    at Object.__webpack_require__ [as require] (/Users/palash/Development/intern/frontend/.next/server/webpack-runtime.js:33:42)
digest: "2499414441"
 GET /doctor/dashboard 500 in 15ms
 ⨯ TypeError: __webpack_modules__[moduleId] is not a function
    at __webpack_require__ (/Users/palash/Development/intern/frontend/.next/server/webpack-runtime.js:33:42)
    at eval (./src/app/doctor/dashboard/page.tsx:9:223)
    at (ssr)/./src/app/doctor/dashboard/page.tsx (/Users/palash/Development/intern/frontend/.next/server/app/doctor/dashboard/page.js:261:1)
    at Object.__webpack_require__ [as require] (/Users/palash/Development/intern/frontend/.next/server/webpack-runtime.js:33:42)
digest: "2499414441"
 GET /doctor/dashboard 500 in 18ms
 ⨯ TypeError: __webpack_modules__[moduleId] is not a function
    at __webpack_require__ (/Users/palash/Development/intern/frontend/.next/server/webpack-runtime.js:33:42)
    at eval (./src/app/doctor/dashboard/page.tsx:9:223)
    at (ssr)/./src/app/doctor/dashboard/page.tsx (/Users/palash/Development/intern/frontend/.next/server/app/doctor/dashboard/page.js:261:1)
    at Object.__webpack_require__ [as require] (/Users/palash/Development/intern/frontend/.next/server/webpack-runtime.js:33:42)
digest: "2499414441"
 GET /doctor/dashboard 500 in 17ms
 ⨯ TypeError: __webpack_modules__[moduleId] is not a function
    at __webpack_require__ (/Users/palash/Development/intern/frontend/.next/server/webpack-runtime.js:33:42)
    at eval (./src/app/doctor/dashboard/page.tsx:9:223)
    at (ssr)/./src/app/doctor/dashboard/page.tsx (/Users/palash/Development/intern/frontend/.next/server/app/doctor/dashboard/page.js:261:1)
    at Object.__webpack_require__ [as require] (/Users/palash/Development/intern/frontend/.next/server/webpack-runtime.js:33:42)
digest: "2499414441"
 GET /doctor/dashboard 500 in 17ms
 ⨯ TypeError: __webpack_modules__[moduleId] is not a function
    at __webpack_require__ (/Users/palash/Development/intern/frontend/.next/server/webpack-runtime.js:33:42)
    at eval (./src/app/doctor/dashboard/page.tsx:9:223)
    at (ssr)/./src/app/doctor/dashboard/page.tsx (/Users/palash/Development/intern/frontend/.next/server/app/doctor/dashboard/page.js:261:1)
    at Object.__webpack_require__ [as require] (/Users/palash/Development/intern/frontend/.next/server/webpack-runtime.js:33:42)
digest: "2499414441"
 GET /doctor/dashboard 500 in 18ms
 ⨯ TypeError: __webpack_modules__[moduleId] is not a function
    at __webpack_require__ (/Users/palash/Development/intern/frontend/.next/server/webpack-runtime.js:33:42)
    at eval (./src/app/doctor/dashboard/page.tsx:9:223)
    at (ssr)/./src/app/doctor/dashboard/page.tsx (/Users/palash/Development/intern/frontend/.next/server/app/doctor/dashboard/page.js:261:1)
    at Object.__webpack_require__ [as require] (/Users/palash/Development/intern/frontend/.next/server/webpack-runtime.js:33:42)
digest: "2499414441"
 GET /doctor/dashboard 500 in 18ms
 ⨯ TypeError: __webpack_modules__[moduleId] is not a function
    at __webpack_require__ (/Users/palash/Development/intern/frontend/.next/server/webpack-runtime.js:33:42)
    at eval (./src/app/doctor/dashboard/page.tsx:9:223)
    at (ssr)/./src/app/doctor/dashboard/page.tsx (/Users/palash/Development/intern/frontend/.next/server/app/doctor/dashboard/page.js:261:1)
    at Object.__webpack_require__ [as require] (/Users/palash/Development/intern/frontend/.next/server/webpack-runtime.js:33:42)
digest: "2499414441"
 GET /doctor/dashboard 500 in 18ms
 ⨯ TypeError: __webpack_modules__[moduleId] is not a function
    at __webpack_require__ (/Users/palash/Development/intern/frontend/.next/server/webpack-runtime.js:33:42)
    at eval (./src/app/doctor/dashboard/page.tsx:9:223)
    at (ssr)/./src/app/doctor/dashboard/page.tsx (/Users/palash/Development/intern/frontend/.next/server/app/doctor/dashboard/page.js:261:1)
    at Object.__webpack_require__ [as require] (/Users/palash/Development/intern/frontend/.next/server/webpack-runtime.js:33:42)
digest: "2499414441"
 GET /doctor/dashboard 500 in 18ms
 ⨯ TypeError: __webpack_modules__[moduleId] is not a function
    at __webpack_require__ (/Users/palash/Development/intern/frontend/.next/server/webpack-runtime.js:33:42)
    at eval (./src/app/doctor/dashboard/page.tsx:9:223)
    at (ssr)/./src/app/doctor/dashboard/page.tsx (/Users/palash/Development/intern/frontend/.next/server/app/doctor/dashboard/page.js:261:1)
    at Object.__webpack_require__ [as require] (/Users/palash/Development/intern/frontend/.next/server/webpack-runtime.js:33:42)
digest: "2499414441"
 GET /doctor/dashboard 500 in 20ms
 ⨯ TypeError: __webpack_modules__[moduleId] is not a function
    at __webpack_require__ (/Users/palash/Development/intern/frontend/.next/server/webpack-runtime.js:33:42)
    at eval (./src/app/doctor/dashboard/page.tsx:9:223)
    at (ssr)/./src/app/doctor/dashboard/page.tsx (/Users/palash/Development/intern/frontend/.next/server/app/doctor/dashboard/page.js:261:1)
    at Object.__webpack_require__ [as require] (/Users/palash/Development/intern/frontend/.next/server/webpack-runtime.js:33:42)
digest: "2499414441"
 GET /doctor/dashboard 500 in 19ms
 ⨯ TypeError: __webpack_modules__[moduleId] is not a function
    at __webpack_require__ (/Users/palash/Development/intern/frontend/.next/server/webpack-runtime.js:33:42)
    at eval (./src/app/doctor/dashboard/page.tsx:9:223)
    at (ssr)/./src/app/doctor/dashboard/page.tsx (/Users/palash/Development/intern/frontend/.next/server/app/doctor/dashboard/page.js:261:1)
    at Object.__webpack_require__ [as require] (/Users/palash/Development/intern/frontend/.next/server/webpack-runtime.js:33:42)
digest: "2499414441"
 GET /doctor/dashboard 500 in 21ms
 ⨯ TypeError: __webpack_modules__[moduleId] is not a function
    at __webpack_require__ (/Users/palash/Development/intern/frontend/.next/server/webpack-runtime.js:33:42)
    at eval (./src/app/doctor/dashboard/page.tsx:9:223)
    at (ssr)/./src/app/doctor/dashboard/page.tsx (/Users/palash/Development/intern/frontend/.next/server/app/doctor/dashboard/page.js:261:1)
    at Object.__webpack_require__ [as require] (/Users/palash/Development/intern/frontend/.next/server/webpack-runtime.js:33:42)
digest: "2499414441"
 GET /doctor/dashboard 500 in 23ms
 ⨯ TypeError: __webpack_modules__[moduleId] is not a function
    at __webpack_require__ (/Users/palash/Development/intern/frontend/.next/server/webpack-runtime.js:33:42)
    at eval (./src/app/doctor/dashboard/page.tsx:9:223)
    at (ssr)/./src/app/doctor/dashboard/page.tsx (/Users/palash/Development/intern/frontend/.next/server/app/doctor/dashboard/page.js:261:1)
    at Object.__webpack_require__ [as require] (/Users/palash/Development/intern/frontend/.next/server/webpack-runtime.js:33:42)
digest: "2499414441"
 GET /doctor/dashboard 500 in 21ms
 ⨯ TypeError: __webpack_modules__[moduleId] is not a function
    at __webpack_require__ (/Users/palash/Development/intern/frontend/.next/server/webpack-runtime.js:33:42)
    at eval (./src/app/doctor/dashboard/page.tsx:9:223)
    at (ssr)/./src/app/doctor/dashboard/page.tsx (/Users/palash/Development/intern/frontend/.next/server/app/doctor/dashboard/page.js:261:1)
    at Object.__webpack_require__ [as require] (/Users/palash/Development/intern/frontend/.next/server/webpack-runtime.js:33:42)
digest: "2499414441"
 GET /doctor/dashboard 500 in 22ms
 ⨯ TypeError: __webpack_modules__[moduleId] is not a function
    at __webpack_require__ (/Users/palash/Development/intern/frontend/.next/server/webpack-runtime.js:33:42)
    at eval (./src/app/doctor/dashboard/page.tsx:9:223)
    at (ssr)/./src/app/doctor/dashboard/page.tsx (/Users/palash/Development/intern/frontend/.next/server/app/doctor/dashboard/page.js:261:1)
    at Object.__webpack_require__ [as require] (/Users/palash/Development/intern/frontend/.next/server/webpack-runtime.js:33:42)
digest: "2499414441"
 GET /doctor/dashboard 500 in 21ms
 ⨯ TypeError: __webpack_modules__[moduleId] is not a function
    at __webpack_require__ (/Users/palash/Development/intern/frontend/.next/server/webpack-runtime.js:33:42)
    at eval (./src/app/doctor/dashboard/page.tsx:9:223)
    at (ssr)/./src/app/doctor/dashboard/page.tsx (/Users/palash/Development/intern/frontend/.next/server/app/doctor/dashboard/page.js:261:1)
    at Object.__webpack_require__ [as require] (/Users/palash/Development/intern/frontend/.next/server/webpack-runtime.js:33:42)
digest: "2499414441"
 GET /doctor/dashboard 500 in 27ms
 ⨯ TypeError: __webpack_modules__[moduleId] is not a function
    at __webpack_require__ (/Users/palash/Development/intern/frontend/.next/server/webpack-runtime.js:33:42)
    at eval (./src/app/doctor/dashboard/page.tsx:9:223)
    at (ssr)/./src/app/doctor/dashboard/page.tsx (/Users/palash/Development/intern/frontend/.next/server/app/doctor/dashboard/page.js:261:1)
    at Object.__webpack_require__ [as require] (/Users/palash/Development/intern/frontend/.next/server/webpack-runtime.js:33:42)
digest: "2499414441"
 GET /doctor/dashboard 500 in 23ms
 ⨯ TypeError: __webpack_modules__[moduleId] is not a function
    at __webpack_require__ (/Users/palash/Development/intern/frontend/.next/server/webpack-runtime.js:33:42)
    at eval (./src/app/doctor/dashboard/page.tsx:9:223)
    at (ssr)/./src/app/doctor/dashboard/page.tsx (/Users/palash/Development/intern/frontend/.next/server/app/doctor/dashboard/page.js:261:1)
    at Object.__webpack_require__ [as require] (/Users/palash/Development/intern/frontend/.next/server/webpack-runtime.js:33:42)
digest: "2499414441"
 GET /doctor/dashboard 500 in 20ms
 ⨯ TypeError: __webpack_modules__[moduleId] is not a function
    at __webpack_require__ (/Users/palash/Development/intern/frontend/.next/server/webpack-runtime.js:33:42)
    at eval (./src/app/doctor/dashboard/page.tsx:9:223)
    at (ssr)/./src/app/doctor/dashboard/page.tsx (/Users/palash/Development/intern/frontend/.next/server/app/doctor/dashboard/page.js:261:1)
    at Object.__webpack_require__ [as require] (/Users/palash/Development/intern/frontend/.next/server/webpack-runtime.js:33:42)
digest: "2499414441"
 GET /doctor/dashboard 500 in 20ms
 ⨯ TypeError: __webpack_modules__[moduleId] is not a function
    at __webpack_require__ (/Users/palash/Development/intern/frontend/.next/server/webpack-runtime.js:33:42)
    at eval (./src/app/doctor/dashboard/page.tsx:9:223)
    at (ssr)/./src/app/doctor/dashboard/page.tsx (/Users/palash/Development/intern/frontend/.next/server/app/doctor/dashboard/page.js:261:1)
    at Object.__webpack_require__ [as require] (/Users/palash/Development/intern/frontend/.next/server/webpack-runtime.js:33:42)
digest: "2499414441"
 GET /doctor/dashboard 500 in 22ms
 ⨯ TypeError: __webpack_modules__[moduleId] is not a function
    at __webpack_require__ (/Users/palash/Development/intern/frontend/.next/server/webpack-runtime.js:33:42)
    at eval (./src/app/doctor/dashboard/page.tsx:9:223)
    at (ssr)/./src/app/doctor/dashboard/page.tsx (/Users/palash/Development/intern/frontend/.next/server/app/doctor/dashboard/page.js:261:1)
    at Object.__webpack_require__ [as require] (/Users/palash/Development/intern/frontend/.next/server/webpack-runtime.js:33:42)
digest: "2499414441"
 GET /doctor/dashboard 500 in 23ms
 ⨯ TypeError: __webpack_modules__[moduleId] is not a function
    at __webpack_require__ (/Users/palash/Development/intern/frontend/.next/server/webpack-runtime.js:33:42)
    at eval (./src/app/doctor/dashboard/page.tsx:9:223)
    at (ssr)/./src/app/doctor/dashboard/page.tsx (/Users/palash/Development/intern/frontend/.next/server/app/doctor/dashboard/page.js:261:1)
    at Object.__webpack_require__ [as require] (/Users/palash/Development/intern/frontend/.next/server/webpack-runtime.js:33:42)
digest: "2499414441"
 GET /doctor/dashboard 500 in 22ms
 ⨯ TypeError: __webpack_modules__[moduleId] is not a function
    at __webpack_require__ (/Users/palash/Development/intern/frontend/.next/server/webpack-runtime.js:33:42)
    at eval (./src/app/doctor/dashboard/page.tsx:9:223)
    at (ssr)/./src/app/doctor/dashboard/page.tsx (/Users/palash/Development/intern/frontend/.next/server/app/doctor/dashboard/page.js:261:1)
    at Object.__webpack_require__ [as require] (/Users/palash/Development/intern/frontend/.next/server/webpack-runtime.js:33:42)
digest: "2499414441"
 GET /doctor/dashboard 500 in 21ms
 ⨯ TypeError: __webpack_modules__[moduleId] is not a function
    at __webpack_require__ (/Users/palash/Development/intern/frontend/.next/server/webpack-runtime.js:33:42)
    at eval (./src/app/doctor/dashboard/page.tsx:9:223)
    at (ssr)/./src/app/doctor/dashboard/page.tsx (/Users/palash/Development/intern/frontend/.next/server/app/doctor/dashboard/page.js:261:1)
    at Object.__webpack_require__ [as require] (/Users/palash/Development/intern/frontend/.next/server/webpack-runtime.js:33:42)
digest: "2499414441"
 GET /doctor/dashboard 500 in 20ms
 ⨯ TypeError: __webpack_modules__[moduleId] is not a function
    at __webpack_require__ (/Users/palash/Development/intern/frontend/.next/server/webpack-runtime.js:33:42)
    at eval (./src/app/doctor/dashboard/page.tsx:9:223)
    at (ssr)/./src/app/doctor/dashboard/page.tsx (/Users/palash/Development/intern/frontend/.next/server/app/doctor/dashboard/page.js:261:1)
    at Object.__webpack_require__ [as require] (/Users/palash/Development/intern/frontend/.next/server/webpack-runtime.js:33:42)
digest: "2499414441"
 GET /doctor/dashboard 500 in 26ms
 ⨯ TypeError: __webpack_modules__[moduleId] is not a function
    at __webpack_require__ (/Users/palash/Development/intern/frontend/.next/server/webpack-runtime.js:33:42)
    at eval (./src/app/doctor/dashboard/page.tsx:9:223)
    at (ssr)/./src/app/doctor/dashboard/page.tsx (/Users/palash/Development/intern/frontend/.next/server/app/doctor/dashboard/page.js:261:1)
    at Object.__webpack_require__ [as require] (/Users/palash/Development/intern/frontend/.next/server/webpack-runtime.js:33:42)
digest: "2499414441"
 GET /doctor/dashboard 500 in 20ms
 ⨯ TypeError: __webpack_modules__[moduleId] is not a function
    at __webpack_require__ (/Users/palash/Development/intern/frontend/.next/server/webpack-runtime.js:33:42)
    at eval (./src/app/doctor/dashboard/page.tsx:9:223)
    at (ssr)/./src/app/doctor/dashboard/page.tsx (/Users/palash/Development/intern/frontend/.next/server/app/doctor/dashboard/page.js:261:1)
    at Object.__webpack_require__ [as require] (/Users/palash/Development/intern/frontend/.next/server/webpack-runtime.js:33:42)
digest: "2499414441"
 GET /doctor/dashboard 500 in 22ms
 ⨯ TypeError: __webpack_modules__[moduleId] is not a function
    at __webpack_require__ (/Users/palash/Development/intern/frontend/.next/server/webpack-runtime.js:33:42)
    at eval (./src/app/doctor/dashboard/page.tsx:9:223)
    at (ssr)/./src/app/doctor/dashboard/page.tsx (/Users/palash/Development/intern/frontend/.next/server/app/doctor/dashboard/page.js:261:1)
    at Object.__webpack_require__ [as require] (/Users/palash/Development/intern/frontend/.next/server/webpack-runtime.js:33:42)
digest: "2499414441"
 GET /doctor/dashboard 500 in 36ms
 ⨯ TypeError: __webpack_modules__[moduleId] is not a function
    at __webpack_require__ (/Users/palash/Development/intern/frontend/.next/server/webpack-runtime.js:33:42)
    at eval (./src/app/doctor/dashboard/page.tsx:9:223)
    at (ssr)/./src/app/doctor/dashboard/page.tsx (/Users/palash/Development/intern/frontend/.next/server/app/doctor/dashboard/page.js:261:1)
    at Object.__webpack_require__ [as require] (/Users/palash/Development/intern/frontend/.next/server/webpack-runtime.js:33:42)
digest: "2499414441"
 GET /doctor/dashboard 500 in 24ms
 ⨯ TypeError: __webpack_modules__[moduleId] is not a function
    at __webpack_require__ (/Users/palash/Development/intern/frontend/.next/server/webpack-runtime.js:33:42)
    at eval (./src/app/doctor/dashboard/page.tsx:9:223)
    at (ssr)/./src/app/doctor/dashboard/page.tsx (/Users/palash/Development/intern/frontend/.next/server/app/doctor/dashboard/page.js:261:1)
    at Object.__webpack_require__ [as require] (/Users/palash/Development/intern/frontend/.next/server/webpack-runtime.js:33:42)
digest: "2499414441"
 GET /doctor/dashboard 500 in 20ms
 ⨯ TypeError: __webpack_modules__[moduleId] is not a function
    at __webpack_require__ (/Users/palash/Development/intern/frontend/.next/server/webpack-runtime.js:33:42)
    at eval (./src/app/doctor/dashboard/page.tsx:9:223)
    at (ssr)/./src/app/doctor/dashboard/page.tsx (/Users/palash/Development/intern/frontend/.next/server/app/doctor/dashboard/page.js:261:1)
    at Object.__webpack_require__ [as require] (/Users/palash/Development/intern/frontend/.next/server/webpack-runtime.js:33:42)
digest: "2499414441"
 GET /doctor/dashboard 500 in 21ms
 ⨯ TypeError: __webpack_modules__[moduleId] is not a function
    at __webpack_require__ (/Users/palash/Development/intern/frontend/.next/server/webpack-runtime.js:33:42)
    at eval (./src/app/doctor/dashboard/page.tsx:9:223)
    at (ssr)/./src/app/doctor/dashboard/page.tsx (/Users/palash/Development/intern/frontend/.next/server/app/doctor/dashboard/page.js:261:1)
    at Object.__webpack_require__ [as require] (/Users/palash/Development/intern/frontend/.next/server/webpack-runtime.js:33:42)
digest: "2499414441"
 GET /doctor/dashboard 500 in 20ms
 ⨯ TypeError: __webpack_modules__[moduleId] is not a function
    at __webpack_require__ (/Users/palash/Development/intern/frontend/.next/server/webpack-runtime.js:33:42)
    at eval (./src/app/doctor/dashboard/page.tsx:9:223)
    at (ssr)/./src/app/doctor/dashboard/page.tsx (/Users/palash/Development/intern/frontend/.next/server/app/doctor/dashboard/page.js:261:1)
    at Object.__webpack_require__ [as require] (/Users/palash/Development/intern/frontend/.next/server/webpack-runtime.js:33:42)
digest: "2499414441"
 GET /doctor/dashboard 500 in 23ms
 ⨯ TypeError: __webpack_modules__[moduleId] is not a function
    at __webpack_require__ (/Users/palash/Development/intern/frontend/.next/server/webpack-runtime.js:33:42)
    at eval (./src/app/doctor/dashboard/page.tsx:9:223)
    at (ssr)/./src/app/doctor/dashboard/page.tsx (/Users/palash/Development/intern/frontend/.next/server/app/doctor/dashboard/page.js:261:1)
    at Object.__webpack_require__ [as require] (/Users/palash/Development/intern/frontend/.next/server/webpack-runtime.js:33:42)
digest: "2499414441"
 GET /doctor/dashboard 500 in 23ms
 ⨯ TypeError: __webpack_modules__[moduleId] is not a function
    at __webpack_require__ (/Users/palash/Development/intern/frontend/.next/server/webpack-runtime.js:33:42)
    at eval (./src/app/doctor/dashboard/page.tsx:9:223)
    at (ssr)/./src/app/doctor/dashboard/page.tsx (/Users/palash/Development/intern/frontend/.next/server/app/doctor/dashboard/page.js:261:1)
    at Object.__webpack_require__ [as require] (/Users/palash/Development/intern/frontend/.next/server/webpack-runtime.js:33:42)
digest: "2499414441"
 GET /doctor/dashboard 500 in 20ms
 ⨯ TypeError: __webpack_modules__[moduleId] is not a function
    at __webpack_require__ (/Users/palash/Development/intern/frontend/.next/server/webpack-runtime.js:33:42)
    at eval (./src/app/doctor/dashboard/page.tsx:9:223)
    at (ssr)/./src/app/doctor/dashboard/page.tsx (/Users/palash/Development/intern/frontend/.next/server/app/doctor/dashboard/page.js:261:1)
    at Object.__webpack_require__ [as require] (/Users/palash/Development/intern/frontend/.next/server/webpack-runtime.js:33:42)
digest: "2499414441"
 GET /doctor/dashboard 500 in 20ms
 ⨯ TypeError: __webpack_modules__[moduleId] is not a function
    at __webpack_require__ (/Users/palash/Development/intern/frontend/.next/server/webpack-runtime.js:33:42)
    at eval (./src/app/doctor/dashboard/page.tsx:9:223)
    at (ssr)/./src/app/doctor/dashboard/page.tsx (/Users/palash/Development/intern/frontend/.next/server/app/doctor/dashboard/page.js:261:1)
    at Object.__webpack_require__ [as require] (/Users/palash/Development/intern/frontend/.next/server/webpack-runtime.js:33:42)
digest: "2499414441"
 GET /doctor/dashboard 500 in 21ms
 ⨯ TypeError: __webpack_modules__[moduleId] is not a function
    at __webpack_require__ (/Users/palash/Development/intern/frontend/.next/server/webpack-runtime.js:33:42)
    at eval (./src/app/doctor/dashboard/page.tsx:9:223)
    at (ssr)/./src/app/doctor/dashboard/page.tsx (/Users/palash/Development/intern/frontend/.next/server/app/doctor/dashboard/page.js:261:1)
    at Object.__webpack_require__ [as require] (/Users/palash/Development/intern/frontend/.next/server/webpack-runtime.js:33:42)
digest: "2499414441"
 GET /doctor/dashboard 500 in 17ms
 ⨯ TypeError: __webpack_modules__[moduleId] is not a function
    at __webpack_require__ (/Users/palash/Development/intern/frontend/.next/server/webpack-runtime.js:33:42)
    at eval (./src/app/doctor/dashboard/page.tsx:9:223)
    at (ssr)/./src/app/doctor/dashboard/page.tsx (/Users/palash/Development/intern/frontend/.next/server/app/doctor/dashboard/page.js:261:1)
    at Object.__webpack_require__ [as require] (/Users/palash/Development/intern/frontend/.next/server/webpack-runtime.js:33:42)
digest: "2499414441"
 GET /doctor/dashboard 500 in 21ms
 ⨯ TypeError: __webpack_modules__[moduleId] is not a function
    at __webpack_require__ (/Users/palash/Development/intern/frontend/.next/server/webpack-runtime.js:33:42)
    at eval (./src/app/doctor/dashboard/page.tsx:9:223)
    at (ssr)/./src/app/doctor/dashboard/page.tsx (/Users/palash/Development/intern/frontend/.next/server/app/doctor/dashboard/page.js:261:1)
    at Object.__webpack_require__ [as require] (/Users/palash/Development/intern/frontend/.next/server/webpack-runtime.js:33:42)
digest: "2499414441"
 GET /doctor/dashboard 500 in 19ms
 ⨯ TypeError: __webpack_modules__[moduleId] is not a function
    at __webpack_require__ (/Users/palash/Development/intern/frontend/.next/server/webpack-runtime.js:33:42)
    at eval (./src/app/doctor/dashboard/page.tsx:9:223)
    at (ssr)/./src/app/doctor/dashboard/page.tsx (/Users/palash/Development/intern/frontend/.next/server/app/doctor/dashboard/page.js:261:1)
    at Object.__webpack_require__ [as require] (/Users/palash/Development/intern/frontend/.next/server/webpack-runtime.js:33:42)
digest: "2499414441"
 GET /doctor/dashboard 500 in 23ms
 ⨯ TypeError: __webpack_modules__[moduleId] is not a function
    at __webpack_require__ (/Users/palash/Development/intern/frontend/.next/server/webpack-runtime.js:33:42)
    at eval (./src/app/doctor/dashboard/page.tsx:9:223)
    at (ssr)/./src/app/doctor/dashboard/page.tsx (/Users/palash/Development/intern/frontend/.next/server/app/doctor/dashboard/page.js:261:1)
    at Object.__webpack_require__ [as require] (/Users/palash/Development/intern/frontend/.next/server/webpack-runtime.js:33:42)
digest: "2499414441"
 GET /doctor/dashboard 500 in 22ms
 ⨯ TypeError: __webpack_modules__[moduleId] is not a function
    at __webpack_require__ (/Users/palash/Development/intern/frontend/.next/server/webpack-runtime.js:33:42)
    at eval (./src/app/doctor/dashboard/page.tsx:9:223)
    at (ssr)/./src/app/doctor/dashboard/page.tsx (/Users/palash/Development/intern/frontend/.next/server/app/doctor/dashboard/page.js:261:1)
    at Object.__webpack_require__ [as require] (/Users/palash/Development/intern/frontend/.next/server/webpack-runtime.js:33:42)
digest: "2499414441"
 GET /doctor/dashboard 500 in 23ms
 ⨯ TypeError: __webpack_modules__[moduleId] is not a function
    at __webpack_require__ (/Users/palash/Development/intern/frontend/.next/server/webpack-runtime.js:33:42)
    at eval (./src/app/doctor/dashboard/page.tsx:9:223)
    at (ssr)/./src/app/doctor/dashboard/page.tsx (/Users/palash/Development/intern/frontend/.next/server/app/doctor/dashboard/page.js:261:1)
    at Object.__webpack_require__ [as require] (/Users/palash/Development/intern/frontend/.next/server/webpack-runtime.js:33:42)
digest: "2499414441"
 GET /doctor/dashboard 500 in 23ms
 ⨯ TypeError: __webpack_modules__[moduleId] is not a function
    at __webpack_require__ (/Users/palash/Development/intern/frontend/.next/server/webpack-runtime.js:33:42)
    at eval (./src/app/doctor/dashboard/page.tsx:9:223)
    at (ssr)/./src/app/doctor/dashboard/page.tsx (/Users/palash/Development/intern/frontend/.next/server/app/doctor/dashboard/page.js:261:1)
    at Object.__webpack_require__ [as require] (/Users/palash/Development/intern/frontend/.next/server/webpack-runtime.js:33:42)
digest: "2499414441"
 GET /doctor/dashboard 500 in 23ms
 ⨯ TypeError: __webpack_modules__[moduleId] is not a function
    at __webpack_require__ (/Users/palash/Development/intern/frontend/.next/server/webpack-runtime.js:33:42)
    at eval (./src/app/doctor/dashboard/page.tsx:9:223)
    at (ssr)/./src/app/doctor/dashboard/page.tsx (/Users/palash/Development/intern/frontend/.next/server/app/doctor/dashboard/page.js:261:1)
    at Object.__webpack_require__ [as require] (/Users/palash/Development/intern/frontend/.next/server/webpack-runtime.js:33:42)
digest: "2499414441"
 GET /doctor/dashboard 500 in 25ms
 ⨯ TypeError: __webpack_modules__[moduleId] is not a function
    at __webpack_require__ (/Users/palash/Development/intern/frontend/.next/server/webpack-runtime.js:33:42)
    at eval (./src/app/doctor/dashboard/page.tsx:9:223)
    at (ssr)/./src/app/doctor/dashboard/page.tsx (/Users/palash/Development/intern/frontend/.next/server/app/doctor/dashboard/page.js:261:1)
    at Object.__webpack_require__ [as require] (/Users/palash/Development/intern/frontend/.next/server/webpack-runtime.js:33:42)
digest: "2499414441"
 GET /doctor/dashboard 500 in 26ms
 ⨯ TypeError: __webpack_modules__[moduleId] is not a function
    at __webpack_require__ (/Users/palash/Development/intern/frontend/.next/server/webpack-runtime.js:33:42)
    at eval (./src/app/doctor/dashboard/page.tsx:9:223)
    at (ssr)/./src/app/doctor/dashboard/page.tsx (/Users/palash/Development/intern/frontend/.next/server/app/doctor/dashboard/page.js:261:1)
    at Object.__webpack_require__ [as require] (/Users/palash/Development/intern/frontend/.next/server/webpack-runtime.js:33:42)
digest: "2499414441"
 GET /doctor/dashboard 500 in 11ms
<w> [webpack.cache.PackFileCacheStrategy] Caching failed for pack: Error: ENOENT: no such file or directory, rename '/Users/palash/Development/intern/frontend/.next/cache/webpack/client-development/2.pack.gz_' -> '/Users/palash/Development/intern/frontend/.next/cache/webpack/client-development/2.pack.gz'
 ⨯ TypeError: __webpack_modules__[moduleId] is not a function
    at __webpack_require__ (/Users/palash/Development/intern/frontend/.next/server/webpack-runtime.js:33:42)
    at eval (./src/app/doctor/dashboard/page.tsx:9:223)
    at (ssr)/./src/app/doctor/dashboard/page.tsx (/Users/palash/Development/intern/frontend/.next/server/app/doctor/dashboard/page.js:261:1)
    at Object.__webpack_require__ [as require] (/Users/palash/Development/intern/frontend/.next/server/webpack-runtime.js:33:42)
digest: "2499414441"
 GET /doctor/dashboard 500 in 17ms
 ⨯ TypeError: __webpack_modules__[moduleId] is not a function
    at __webpack_require__ (/Users/palash/Development/intern/frontend/.next/server/webpack-runtime.js:33:42)
    at eval (./src/app/doctor/dashboard/page.tsx:9:223)
    at (ssr)/./src/app/doctor/dashboard/page.tsx (/Users/palash/Development/intern/frontend/.next/server/app/doctor/dashboard/page.js:261:1)
    at Object.__webpack_require__ [as require] (/Users/palash/Development/intern/frontend/.next/server/webpack-runtime.js:33:42)
digest: "2499414441"
 GET /doctor/dashboard 500 in 15ms
 ⨯ TypeError: __webpack_modules__[moduleId] is not a function
    at __webpack_require__ (/Users/palash/Development/intern/frontend/.next/server/webpack-runtime.js:33:42)
    at eval (./src/app/doctor/dashboard/page.tsx:9:223)
    at (ssr)/./src/app/doctor/dashboard/page.tsx (/Users/palash/Development/intern/frontend/.next/server/app/doctor/dashboard/page.js:261:1)
    at Object.__webpack_require__ [as require] (/Users/palash/Development/intern/frontend/.next/server/webpack-runtime.js:33:42)
digest: "2499414441"
 GET /doctor/dashboard 500 in 17ms
 ⨯ TypeError: __webpack_modules__[moduleId] is not a function
    at __webpack_require__ (/Users/palash/Development/intern/frontend/.next/server/webpack-runtime.js:33:42)
    at eval (./src/app/doctor/dashboard/page.tsx:9:223)
    at (ssr)/./src/app/doctor/dashboard/page.tsx (/Users/palash/Development/intern/frontend/.next/server/app/doctor/dashboard/page.js:261:1)
    at Object.__webpack_require__ [as require] (/Users/palash/Development/intern/frontend/.next/server/webpack-runtime.js:33:42)
digest: "2499414441"
 GET /doctor/dashboard 500 in 19ms
 ⨯ TypeError: __webpack_modules__[moduleId] is not a function
    at __webpack_require__ (/Users/palash/Development/intern/frontend/.next/server/webpack-runtime.js:33:42)
    at eval (./src/app/doctor/dashboard/page.tsx:9:223)
    at (ssr)/./src/app/doctor/dashboard/page.tsx (/Users/palash/Development/intern/frontend/.next/server/app/doctor/dashboard/page.js:261:1)
    at Object.__webpack_require__ [as require] (/Users/palash/Development/intern/frontend/.next/server/webpack-runtime.js:33:42)
digest: "2499414441"
 GET /doctor/dashboard 500 in 26ms
 ⨯ TypeError: __webpack_modules__[moduleId] is not a function
    at __webpack_require__ (/Users/palash/Development/intern/frontend/.next/server/webpack-runtime.js:33:42)
    at eval (./src/app/doctor/dashboard/page.tsx:9:223)
    at (ssr)/./src/app/doctor/dashboard/page.tsx (/Users/palash/Development/intern/frontend/.next/server/app/doctor/dashboard/page.js:261:1)
    at Object.__webpack_require__ [as require] (/Users/palash/Development/intern/frontend/.next/server/webpack-runtime.js:33:42)
digest: "2499414441"
 GET /doctor/dashboard 500 in 25ms
 ⨯ TypeError: __webpack_modules__[moduleId] is not a function
    at __webpack_require__ (/Users/palash/Development/intern/frontend/.next/server/webpack-runtime.js:33:42)
    at eval (./src/app/doctor/dashboard/page.tsx:9:223)
    at (ssr)/./src/app/doctor/dashboard/page.tsx (/Users/palash/Development/intern/frontend/.next/server/app/doctor/dashboard/page.js:261:1)
    at Object.__webpack_require__ [as require] (/Users/palash/Development/intern/frontend/.next/server/webpack-runtime.js:33:42)
digest: "2499414441"
 GET /doctor/dashboard 500 in 22ms
 ⨯ TypeError: __webpack_modules__[moduleId] is not a function
    at __webpack_require__ (/Users/palash/Development/intern/frontend/.next/server/webpack-runtime.js:33:42)
    at eval (./src/app/doctor/dashboard/page.tsx:9:223)
    at (ssr)/./src/app/doctor/dashboard/page.tsx (/Users/palash/Development/intern/frontend/.next/server/app/doctor/dashboard/page.js:261:1)
    at Object.__webpack_require__ [as require] (/Users/palash/Development/intern/frontend/.next/server/webpack-runtime.js:33:42)
digest: "2499414441"
 GET /doctor/dashboard 500 in 28ms
 ⨯ TypeError: __webpack_modules__[moduleId] is not a function
    at __webpack_require__ (/Users/palash/Development/intern/frontend/.next/server/webpack-runtime.js:33:42)
    at eval (./src/app/doctor/dashboard/page.tsx:9:223)
    at (ssr)/./src/app/doctor/dashboard/page.tsx (/Users/palash/Development/intern/frontend/.next/server/app/doctor/dashboard/page.js:261:1)
    at Object.__webpack_require__ [as require] (/Users/palash/Development/intern/frontend/.next/server/webpack-runtime.js:33:42)
digest: "2499414441"
 GET /doctor/dashboard 500 in 20ms
 ⨯ TypeError: __webpack_modules__[moduleId] is not a function
    at __webpack_require__ (/Users/palash/Development/intern/frontend/.next/server/webpack-runtime.js:33:42)
    at eval (./src/app/doctor/dashboard/page.tsx:9:223)
    at (ssr)/./src/app/doctor/dashboard/page.tsx (/Users/palash/Development/intern/frontend/.next/server/app/doctor/dashboard/page.js:261:1)
    at Object.__webpack_require__ [as require] (/Users/palash/Development/intern/frontend/.next/server/webpack-runtime.js:33:42)
digest: "2499414441"
 GET /doctor/dashboard 500 in 27ms
 ⨯ TypeError: __webpack_modules__[moduleId] is not a function
    at __webpack_require__ (/Users/palash/Development/intern/frontend/.next/server/webpack-runtime.js:33:42)
    at eval (./src/app/doctor/dashboard/page.tsx:9:223)
    at (ssr)/./src/app/doctor/dashboard/page.tsx (/Users/palash/Development/intern/frontend/.next/server/app/doctor/dashboard/page.js:261:1)
    at Object.__webpack_require__ [as require] (/Users/palash/Development/intern/frontend/.next/server/webpack-runtime.js:33:42)
digest: "2499414441"
 GET /doctor/dashboard 500 in 19ms
 ⨯ TypeError: __webpack_modules__[moduleId] is not a function
    at __webpack_require__ (/Users/palash/Development/intern/frontend/.next/server/webpack-runtime.js:33:42)
    at eval (./src/app/doctor/dashboard/page.tsx:9:223)
    at (ssr)/./src/app/doctor/dashboard/page.tsx (/Users/palash/Development/intern/frontend/.next/server/app/doctor/dashboard/page.js:261:1)
    at Object.__webpack_require__ [as require] (/Users/palash/Development/intern/frontend/.next/server/webpack-runtime.js:33:42)
digest: "2499414441"
 GET /doctor/dashboard 500 in 24ms
 ⨯ TypeError: __webpack_modules__[moduleId] is not a function
    at __webpack_require__ (/Users/palash/Development/intern/frontend/.next/server/webpack-runtime.js:33:42)
    at eval (./src/app/doctor/dashboard/page.tsx:9:223)
    at (ssr)/./src/app/doctor/dashboard/page.tsx (/Users/palash/Development/intern/frontend/.next/server/app/doctor/dashboard/page.js:261:1)
    at Object.__webpack_require__ [as require] (/Users/palash/Development/intern/frontend/.next/server/webpack-runtime.js:33:42)
digest: "2499414441"
 GET /doctor/dashboard 500 in 22ms
 ⨯ TypeError: __webpack_modules__[moduleId] is not a function
    at __webpack_require__ (/Users/palash/Development/intern/frontend/.next/server/webpack-runtime.js:33:42)
    at eval (./src/app/doctor/dashboard/page.tsx:9:223)
    at (ssr)/./src/app/doctor/dashboard/page.tsx (/Users/palash/Development/intern/frontend/.next/server/app/doctor/dashboard/page.js:261:1)
    at Object.__webpack_require__ [as require] (/Users/palash/Development/intern/frontend/.next/server/webpack-runtime.js:33:42)
digest: "2499414441"
 GET /doctor/dashboard 500 in 20ms
 ⨯ TypeError: __webpack_modules__[moduleId] is not a function
    at __webpack_require__ (/Users/palash/Development/intern/frontend/.next/server/webpack-runtime.js:33:42)
    at eval (./src/app/doctor/dashboard/page.tsx:9:223)
    at (ssr)/./src/app/doctor/dashboard/page.tsx (/Users/palash/Development/intern/frontend/.next/server/app/doctor/dashboard/page.js:261:1)
    at Object.__webpack_require__ [as require] (/Users/palash/Development/intern/frontend/.next/server/webpack-runtime.js:33:42)
digest: "2499414441"
 GET /doctor/dashboard 500 in 24ms
 ⨯ TypeError: __webpack_modules__[moduleId] is not a function
    at __webpack_require__ (/Users/palash/Development/intern/frontend/.next/server/webpack-runtime.js:33:42)
    at eval (./src/app/doctor/dashboard/page.tsx:9:223)
    at (ssr)/./src/app/doctor/dashboard/page.tsx (/Users/palash/Development/intern/frontend/.next/server/app/doctor/dashboard/page.js:261:1)
    at Object.__webpack_require__ [as require] (/Users/palash/Development/intern/frontend/.next/server/webpack-runtime.js:33:42)
digest: "2499414441"
 GET /doctor/dashboard 500 in 24ms
 ⨯ TypeError: __webpack_modules__[moduleId] is not a function
    at __webpack_require__ (/Users/palash/Development/intern/frontend/.next/server/webpack-runtime.js:33:42)
    at eval (./src/app/doctor/dashboard/page.tsx:9:223)
    at (ssr)/./src/app/doctor/dashboard/page.tsx (/Users/palash/Development/intern/frontend/.next/server/app/doctor/dashboard/page.js:261:1)
    at Object.__webpack_require__ [as require] (/Users/palash/Development/intern/frontend/.next/server/webpack-runtime.js:33:42)
digest: "2499414441"
 GET /doctor/dashboard 500 in 16ms
 ⨯ TypeError: __webpack_modules__[moduleId] is not a function
    at __webpack_require__ (/Users/palash/Development/intern/frontend/.next/server/webpack-runtime.js:33:42)
    at eval (./src/app/doctor/dashboard/page.tsx:9:223)
    at (ssr)/./src/app/doctor/dashboard/page.tsx (/Users/palash/Development/intern/frontend/.next/server/app/doctor/dashboard/page.js:261:1)
    at Object.__webpack_require__ [as require] (/Users/palash/Development/intern/frontend/.next/server/webpack-runtime.js:33:42)
digest: "2499414441"
 GET /doctor/dashboard 500 in 20ms
 ⨯ TypeError: __webpack_modules__[moduleId] is not a function
    at __webpack_require__ (/Users/palash/Development/intern/frontend/.next/server/webpack-runtime.js:33:42)
    at eval (./src/app/doctor/dashboard/page.tsx:9:223)
    at (ssr)/./src/app/doctor/dashboard/page.tsx (/Users/palash/Development/intern/frontend/.next/server/app/doctor/dashboard/page.js:261:1)
    at Object.__webpack_require__ [as require] (/Users/palash/Development/intern/frontend/.next/server/webpack-runtime.js:33:42)
digest: "2499414441"
 GET /doctor/dashboard 500 in 22ms
 ⨯ TypeError: __webpack_modules__[moduleId] is not a function
    at __webpack_require__ (/Users/palash/Development/intern/frontend/.next/server/webpack-runtime.js:33:42)
    at eval (./src/app/doctor/dashboard/page.tsx:9:223)
    at (ssr)/./src/app/doctor/dashboard/page.tsx (/Users/palash/Development/intern/frontend/.next/server/app/doctor/dashboard/page.js:261:1)
    at Object.__webpack_require__ [as require] (/Users/palash/Development/intern/frontend/.next/server/webpack-runtime.js:33:42)
digest: "2499414441"
 GET /doctor/dashboard 500 in 19ms
 ⨯ TypeError: __webpack_modules__[moduleId] is not a function
    at __webpack_require__ (/Users/palash/Development/intern/frontend/.next/server/webpack-runtime.js:33:42)
    at eval (./src/app/doctor/dashboard/page.tsx:9:223)
    at (ssr)/./src/app/doctor/dashboard/page.tsx (/Users/palash/Development/intern/frontend/.next/server/app/doctor/dashboard/page.js:261:1)
    at Object.__webpack_require__ [as require] (/Users/palash/Development/intern/frontend/.next/server/webpack-runtime.js:33:42)
digest: "2499414441"
 GET /doctor/dashboard 500 in 20ms
 ⨯ TypeError: __webpack_modules__[moduleId] is not a function
    at __webpack_require__ (/Users/palash/Development/intern/frontend/.next/server/webpack-runtime.js:33:42)
    at eval (./src/app/doctor/dashboard/page.tsx:9:223)
    at (ssr)/./src/app/doctor/dashboard/page.tsx (/Users/palash/Development/intern/frontend/.next/server/app/doctor/dashboard/page.js:261:1)
    at Object.__webpack_require__ [as require] (/Users/palash/Development/intern/frontend/.next/server/webpack-runtime.js:33:42)
digest: "2499414441"
 GET /doctor/dashboard 500 in 18ms
 ⨯ TypeError: __webpack_modules__[moduleId] is not a function
    at __webpack_require__ (/Users/palash/Development/intern/frontend/.next/server/webpack-runtime.js:33:42)
    at eval (./src/app/doctor/dashboard/page.tsx:9:223)
    at (ssr)/./src/app/doctor/dashboard/page.tsx (/Users/palash/Development/intern/frontend/.next/server/app/doctor/dashboard/page.js:261:1)
    at Object.__webpack_require__ [as require] (/Users/palash/Development/intern/frontend/.next/server/webpack-runtime.js:33:42)
digest: "2499414441"
 GET /doctor/dashboard 500 in 17ms
 ⨯ TypeError: __webpack_modules__[moduleId] is not a function
    at __webpack_require__ (/Users/palash/Development/intern/frontend/.next/server/webpack-runtime.js:33:42)
    at eval (./src/app/doctor/dashboard/page.tsx:9:223)
    at (ssr)/./src/app/doctor/dashboard/page.tsx (/Users/palash/Development/intern/frontend/.next/server/app/doctor/dashboard/page.js:261:1)
    at Object.__webpack_require__ [as require] (/Users/palash/Development/intern/frontend/.next/server/webpack-runtime.js:33:42)
digest: "2499414441"
 GET /doctor/dashboard 500 in 17ms
 ⨯ TypeError: __webpack_modules__[moduleId] is not a function
    at __webpack_require__ (/Users/palash/Development/intern/frontend/.next/server/webpack-runtime.js:33:42)
    at eval (./src/app/doctor/dashboard/page.tsx:9:223)
    at (ssr)/./src/app/doctor/dashboard/page.tsx (/Users/palash/Development/intern/frontend/.next/server/app/doctor/dashboard/page.js:261:1)
    at Object.__webpack_require__ [as require] (/Users/palash/Development/intern/frontend/.next/server/webpack-runtime.js:33:42)
digest: "2499414441"
 GET /doctor/dashboard 500 in 20ms
 ⨯ TypeError: __webpack_modules__[moduleId] is not a function
    at __webpack_require__ (/Users/palash/Development/intern/frontend/.next/server/webpack-runtime.js:33:42)
    at eval (./src/app/doctor/dashboard/page.tsx:9:223)
    at (ssr)/./src/app/doctor/dashboard/page.tsx (/Users/palash/Development/intern/frontend/.next/server/app/doctor/dashboard/page.js:261:1)
    at Object.__webpack_require__ [as require] (/Users/palash/Development/intern/frontend/.next/server/webpack-runtime.js:33:42)
digest: "2499414441"
 GET /doctor/dashboard 500 in 37ms
 ⨯ TypeError: __webpack_modules__[moduleId] is not a function
    at __webpack_require__ (/Users/palash/Development/intern/frontend/.next/server/webpack-runtime.js:33:42)
    at eval (./src/app/doctor/dashboard/page.tsx:9:223)
    at (ssr)/./src/app/doctor/dashboard/page.tsx (/Users/palash/Development/intern/frontend/.next/server/app/doctor/dashboard/page.js:261:1)
    at Object.__webpack_require__ [as require] (/Users/palash/Development/intern/frontend/.next/server/webpack-runtime.js:33:42)
digest: "2499414441"
 GET /doctor/dashboard 500 in 22ms
 ⨯ TypeError: __webpack_modules__[moduleId] is not a function
    at __webpack_require__ (/Users/palash/Development/intern/frontend/.next/server/webpack-runtime.js:33:42)
    at eval (./src/app/doctor/dashboard/page.tsx:9:223)
    at (ssr)/./src/app/doctor/dashboard/page.tsx (/Users/palash/Development/intern/frontend/.next/server/app/doctor/dashboard/page.js:261:1)
    at Object.__webpack_require__ [as require] (/Users/palash/Development/intern/frontend/.next/server/webpack-runtime.js:33:42)
digest: "2499414441"
 GET /doctor/dashboard 500 in 55ms
 ⨯ TypeError: __webpack_modules__[moduleId] is not a function
    at __webpack_require__ (/Users/palash/Development/intern/frontend/.next/server/webpack-runtime.js:33:42)
    at eval (./src/app/doctor/dashboard/page.tsx:9:223)
    at (ssr)/./src/app/doctor/dashboard/page.tsx (/Users/palash/Development/intern/frontend/.next/server/app/doctor/dashboard/page.js:261:1)
    at Object.__webpack_require__ [as require] (/Users/palash/Development/intern/frontend/.next/server/webpack-runtime.js:33:42)
digest: "2499414441"
 GET /doctor/dashboard 500 in 23ms
 ⨯ TypeError: __webpack_modules__[moduleId] is not a function
    at __webpack_require__ (/Users/palash/Development/intern/frontend/.next/server/webpack-runtime.js:33:42)
    at eval (./src/app/doctor/dashboard/page.tsx:9:223)
    at (ssr)/./src/app/doctor/dashboard/page.tsx (/Users/palash/Development/intern/frontend/.next/server/app/doctor/dashboard/page.js:261:1)
    at Object.__webpack_require__ [as require] (/Users/palash/Development/intern/frontend/.next/server/webpack-runtime.js:33:42)
digest: "2499414441"
 GET /doctor/dashboard 500 in 18ms
 ⨯ TypeError: __webpack_modules__[moduleId] is not a function
    at __webpack_require__ (/Users/palash/Development/intern/frontend/.next/server/webpack-runtime.js:33:42)
    at eval (./src/app/doctor/dashboard/page.tsx:9:223)
    at (ssr)/./src/app/doctor/dashboard/page.tsx (/Users/palash/Development/intern/frontend/.next/server/app/doctor/dashboard/page.js:261:1)
    at Object.__webpack_require__ [as require] (/Users/palash/Development/intern/frontend/.next/server/webpack-runtime.js:33:42)
digest: "2499414441"
 GET /doctor/dashboard 500 in 19ms
 ⨯ TypeError: __webpack_modules__[moduleId] is not a function
    at __webpack_require__ (/Users/palash/Development/intern/frontend/.next/server/webpack-runtime.js:33:42)
    at eval (./src/app/doctor/dashboard/page.tsx:9:223)
    at (ssr)/./src/app/doctor/dashboard/page.tsx (/Users/palash/Development/intern/frontend/.next/server/app/doctor/dashboard/page.js:261:1)
    at Object.__webpack_require__ [as require] (/Users/palash/Development/intern/frontend/.next/server/webpack-runtime.js:33:42)
digest: "2499414441"
 GET /doctor/dashboard 500 in 20ms
 ⨯ TypeError: __webpack_modules__[moduleId] is not a function
    at __webpack_require__ (/Users/palash/Development/intern/frontend/.next/server/webpack-runtime.js:33:42)
    at eval (./src/app/doctor/dashboard/page.tsx:9:223)
    at (ssr)/./src/app/doctor/dashboard/page.tsx (/Users/palash/Development/intern/frontend/.next/server/app/doctor/dashboard/page.js:261:1)
    at Object.__webpack_require__ [as require] (/Users/palash/Development/intern/frontend/.next/server/webpack-runtime.js:33:42)
digest: "2499414441"
 GET /doctor/dashboard 500 in 21ms
 ⨯ TypeError: __webpack_modules__[moduleId] is not a function
    at __webpack_require__ (/Users/palash/Development/intern/frontend/.next/server/webpack-runtime.js:33:42)
    at eval (./src/app/doctor/dashboard/page.tsx:9:223)
    at (ssr)/./src/app/doctor/dashboard/page.tsx (/Users/palash/Development/intern/frontend/.next/server/app/doctor/dashboard/page.js:261:1)
    at Object.__webpack_require__ [as require] (/Users/palash/Development/intern/frontend/.next/server/webpack-runtime.js:33:42)
digest: "2499414441"
 GET /doctor/dashboard 500 in 21ms
 ⨯ TypeError: __webpack_modules__[moduleId] is not a function
    at __webpack_require__ (/Users/palash/Development/intern/frontend/.next/server/webpack-runtime.js:33:42)
    at eval (./src/app/doctor/dashboard/page.tsx:9:223)
    at (ssr)/./src/app/doctor/dashboard/page.tsx (/Users/palash/Development/intern/frontend/.next/server/app/doctor/dashboard/page.js:261:1)
    at Object.__webpack_require__ [as require] (/Users/palash/Development/intern/frontend/.next/server/webpack-runtime.js:33:42)
digest: "2499414441"
 GET /doctor/dashboard 500 in 16ms
 ⨯ TypeError: __webpack_modules__[moduleId] is not a function
    at __webpack_require__ (/Users/palash/Development/intern/frontend/.next/server/webpack-runtime.js:33:42)
    at eval (./src/app/doctor/dashboard/page.tsx:9:223)
    at (ssr)/./src/app/doctor/dashboard/page.tsx (/Users/palash/Development/intern/frontend/.next/server/app/doctor/dashboard/page.js:261:1)
    at Object.__webpack_require__ [as require] (/Users/palash/Development/intern/frontend/.next/server/webpack-runtime.js:33:42)
digest: "2499414441"
 GET /doctor/dashboard 500 in 14ms
 ⨯ TypeError: __webpack_modules__[moduleId] is not a function
    at __webpack_require__ (/Users/palash/Development/intern/frontend/.next/server/webpack-runtime.js:33:42)
    at eval (./src/app/doctor/dashboard/page.tsx:9:223)
    at (ssr)/./src/app/doctor/dashboard/page.tsx (/Users/palash/Development/intern/frontend/.next/server/app/doctor/dashboard/page.js:261:1)
    at Object.__webpack_require__ [as require] (/Users/palash/Development/intern/frontend/.next/server/webpack-runtime.js:33:42)
digest: "2499414441"
 GET /doctor/dashboard 500 in 17ms
 ⨯ TypeError: __webpack_modules__[moduleId] is not a function
    at __webpack_require__ (/Users/palash/Development/intern/frontend/.next/server/webpack-runtime.js:33:42)
    at eval (./src/app/doctor/dashboard/page.tsx:9:223)
    at (ssr)/./src/app/doctor/dashboard/page.tsx (/Users/palash/Development/intern/frontend/.next/server/app/doctor/dashboard/page.js:261:1)
    at Object.__webpack_require__ [as require] (/Users/palash/Development/intern/frontend/.next/server/webpack-runtime.js:33:42)
digest: "2499414441"
 GET /doctor/dashboard 500 in 15ms
 ⨯ TypeError: __webpack_modules__[moduleId] is not a function
    at __webpack_require__ (/Users/palash/Development/intern/frontend/.next/server/webpack-runtime.js:33:42)
    at eval (./src/app/doctor/dashboard/page.tsx:9:223)
    at (ssr)/./src/app/doctor/dashboard/page.tsx (/Users/palash/Development/intern/frontend/.next/server/app/doctor/dashboard/page.js:261:1)
    at Object.__webpack_require__ [as require] (/Users/palash/Development/intern/frontend/.next/server/webpack-runtime.js:33:42)
digest: "2499414441"
 GET /doctor/dashboard 500 in 22ms
 ⨯ TypeError: __webpack_modules__[moduleId] is not a function
    at __webpack_require__ (/Users/palash/Development/intern/frontend/.next/server/webpack-runtime.js:33:42)
    at eval (./src/app/doctor/dashboard/page.tsx:9:223)
    at (ssr)/./src/app/doctor/dashboard/page.tsx (/Users/palash/Development/intern/frontend/.next/server/app/doctor/dashboard/page.js:261:1)
    at Object.__webpack_require__ [as require] (/Users/palash/Development/intern/frontend/.next/server/webpack-runtime.js:33:42)
digest: "2499414441"
 GET /doctor/dashboard 500 in 22ms
 ⨯ TypeError: __webpack_modules__[moduleId] is not a function
    at __webpack_require__ (/Users/palash/Development/intern/frontend/.next/server/webpack-runtime.js:33:42)
    at eval (./src/app/doctor/dashboard/page.tsx:9:223)
    at (ssr)/./src/app/doctor/dashboard/page.tsx (/Users/palash/Development/intern/frontend/.next/server/app/doctor/dashboard/page.js:261:1)
    at Object.__webpack_require__ [as require] (/Users/palash/Development/intern/frontend/.next/server/webpack-runtime.js:33:42)
digest: "2499414441"
 GET /doctor/dashboard 500 in 21ms
 ⨯ TypeError: __webpack_modules__[moduleId] is not a function
    at __webpack_require__ (/Users/palash/Development/intern/frontend/.next/server/webpack-runtime.js:33:42)
    at eval (./src/app/doctor/dashboard/page.tsx:9:223)
    at (ssr)/./src/app/doctor/dashboard/page.tsx (/Users/palash/Development/intern/frontend/.next/server/app/doctor/dashboard/page.js:261:1)
    at Object.__webpack_require__ [as require] (/Users/palash/Development/intern/frontend/.next/server/webpack-runtime.js:33:42)
digest: "2499414441"
 GET /doctor/dashboard 500 in 13ms
 ✓ Compiled in 1111ms (1699 modules)
 GET /doctor/dashboard 200 in 513ms
 GET /doctor/dashboard 200 in 12ms
 ✓ Compiled in 451ms (884 modules)
 ✓ Compiled in 709ms (1704 modules)
<w> [webpack.cache.PackFileCacheStrategy] Caching failed for pack: Error: ENOENT: no such file or directory, lstat '/Users/palash/Development/intern/frontend/.next/server/app/auth/register/page.js'
<w> [webpack.cache.PackFileCacheStrategy/webpack.FileSystemInfo] Resolving '../../../../.next/server/app/auth/register/page' in /Users/palash/Development/intern/frontend/node_modules/next/dist/server for build dependencies doesn't lead to expected result '/Users/palash/Development/intern/frontend/.next/server/app/auth/register/page.js', but to 'Error: Can't resolve '../../../../.next/server/app/auth/register/page' in '/Users/palash/Development/intern/frontend/node_modules/next/dist/server'' instead. Resolving dependencies are ignored for this path.
<w>  at resolve commonjs file ../../../../.next/server/app/auth/register/page (expected /Users/palash/Development/intern/frontend/.next/server/app/auth/register/page.js)
<w>  at file dependencies /Users/palash/Development/intern/frontend/node_modules/next/dist/server/require.js
<w>  at file /Users/palash/Development/intern/frontend/node_modules/next/dist/server/require.js
<w>  at file dependencies /Users/palash/Development/intern/frontend/node_modules/next/dist/server/load-components.js
<w>  at file /Users/palash/Development/intern/frontend/node_modules/next/dist/server/load-components.js
<w>  at file dependencies /Users/palash/Development/intern/frontend/node_modules/next/dist/build/utils.js
<w>  at file /Users/palash/Development/intern/frontend/node_modules/next/dist/build/utils.js
<w>  at file dependencies /Users/palash/Development/intern/frontend/node_modules/next/dist/build/webpack/loaders/next-route-loader/index.js
<w>  at file /Users/palash/Development/intern/frontend/node_modules/next/dist/build/webpack/loaders/next-route-loader/index.js
<w>  at resolve commonjs /Users/palash/Development/intern/frontend/node_modules/next/dist/build/webpack/loaders/next-route-loader/index.js
 ✓ Compiled in 645ms (1704 modules)
 ✓ Compiled in 528ms (1704 modules)
 ✓ Compiled in 709ms (1704 modules)
 ✓ Compiled in 217ms (886 modules)
 ✓ Compiled in 437ms (886 modules)
 ✓ Compiled in 519ms (1704 modules)
<w> [webpack.cache.PackFileCacheStrategy] Caching failed for pack: Error: ENOENT: no such file or directory, lstat '/Users/palash/Development/intern/frontend/.next/server/app/auth/register/page.js'
<w> [webpack.cache.PackFileCacheStrategy/webpack.FileSystemInfo] Resolving '../../../../.next/server/app/auth/register/page' in /Users/palash/Development/intern/frontend/node_modules/next/dist/server for build dependencies doesn't lead to expected result '/Users/palash/Development/intern/frontend/.next/server/app/auth/register/page.js', but to 'Error: Can't resolve '../../../../.next/server/app/auth/register/page' in '/Users/palash/Development/intern/frontend/node_modules/next/dist/server'' instead. Resolving dependencies are ignored for this path.
<w>  at resolve commonjs file ../../../../.next/server/app/auth/register/page (expected /Users/palash/Development/intern/frontend/.next/server/app/auth/register/page.js)
<w>  at file dependencies /Users/palash/Development/intern/frontend/node_modules/next/dist/server/require.js
<w>  at file /Users/palash/Development/intern/frontend/node_modules/next/dist/server/require.js
<w>  at file dependencies /Users/palash/Development/intern/frontend/node_modules/next/dist/server/load-components.js
<w>  at file /Users/palash/Development/intern/frontend/node_modules/next/dist/server/load-components.js
<w>  at file dependencies /Users/palash/Development/intern/frontend/node_modules/next/dist/build/utils.js
<w>  at file /Users/palash/Development/intern/frontend/node_modules/next/dist/build/utils.js
<w>  at file dependencies /Users/palash/Development/intern/frontend/node_modules/next/dist/build/webpack/loaders/next-route-loader/index.js
<w>  at file /Users/palash/Development/intern/frontend/node_modules/next/dist/build/webpack/loaders/next-route-loader/index.js
<w>  at resolve commonjs /Users/palash/Development/intern/frontend/node_modules/next/dist/build/webpack/loaders/next-route-loader/index.js
 ✓ Compiled in 1077ms (1693 modules)
 ✓ Compiled in 576ms (1707 modules)
 GET /auth/login 200 in 158ms
<w> [webpack.cache.PackFileCacheStrategy] Caching failed for pack: Error: ENOENT: no such file or directory, lstat '/Users/palash/Development/intern/frontend/.next/server/vendor-chunks'
<w> [webpack.cache.PackFileCacheStrategy/webpack.FileSystemInfo] Resolving './vendor-chunks/es-object-atoms' in /Users/palash/Development/intern/frontend/.next/server for build dependencies doesn't lead to expected result '/Users/palash/Development/intern/frontend/.next/server/vendor-chunks/es-object-atoms.js', but to 'Error: Can't resolve './vendor-chunks/es-object-atoms' in '/Users/palash/Development/intern/frontend/.next/server'' instead. Resolving dependencies are ignored for this path.
<w>  at resolve commonjs file ./vendor-chunks/es-object-atoms (expected /Users/palash/Development/intern/frontend/.next/server/vendor-chunks/es-object-atoms.js)
<w>  at file dependencies /Users/palash/Development/intern/frontend/.next/server/webpack-runtime.js
<w>  at file /Users/palash/Development/intern/frontend/.next/server/webpack-runtime.js
<w>  at file dependencies /Users/palash/Development/intern/frontend/.next/server/app/auth/register/page.js
<w>  at file /Users/palash/Development/intern/frontend/.next/server/app/auth/register/page.js
<w>  at file dependencies /Users/palash/Development/intern/frontend/node_modules/next/dist/server/require.js
<w>  at file /Users/palash/Development/intern/frontend/node_modules/next/dist/server/require.js
<w>  at file dependencies /Users/palash/Development/intern/frontend/node_modules/next/dist/server/load-components.js
<w>  at file /Users/palash/Development/intern/frontend/node_modules/next/dist/server/load-components.js
<w>  at file dependencies /Users/palash/Development/intern/frontend/node_modules/next/dist/build/utils.js
<w>  at file /Users/palash/Development/intern/frontend/node_modules/next/dist/build/utils.js
<w>  at file dependencies /Users/palash/Development/intern/frontend/node_modules/next/dist/build/webpack/loaders/next-route-loader/index.js
<w>  at file /Users/palash/Development/intern/frontend/node_modules/next/dist/build/webpack/loaders/next-route-loader/index.js
<w>  at resolve commonjs /Users/palash/Development/intern/frontend/node_modules/next/dist/build/webpack/loaders/next-route-loader/index.js
<w> [webpack.cache.PackFileCacheStrategy/webpack.FileSystemInfo] Resolving './vendor-chunks/has-tostringtag' in /Users/palash/Development/intern/frontend/.next/server for build dependencies doesn't lead to expected result '/Users/palash/Development/intern/frontend/.next/server/vendor-chunks/has-tostringtag.js', but to 'Error: Can't resolve './vendor-chunks/has-tostringtag' in '/Users/palash/Development/intern/frontend/.next/server'' instead. Resolving dependencies are ignored for this path.
<w>  at resolve commonjs file ./vendor-chunks/has-tostringtag (expected /Users/palash/Development/intern/frontend/.next/server/vendor-chunks/has-tostringtag.js)
<w>  at file dependencies /Users/palash/Development/intern/frontend/.next/server/webpack-runtime.js
<w>  at file /Users/palash/Development/intern/frontend/.next/server/webpack-runtime.js
<w>  at file dependencies /Users/palash/Development/intern/frontend/.next/server/app/auth/register/page.js
<w>  at file /Users/palash/Development/intern/frontend/.next/server/app/auth/register/page.js
<w>  at file dependencies /Users/palash/Development/intern/frontend/node_modules/next/dist/server/require.js
<w>  at file /Users/palash/Development/intern/frontend/node_modules/next/dist/server/require.js
<w>  at file dependencies /Users/palash/Development/intern/frontend/node_modules/next/dist/server/load-components.js
<w>  at file /Users/palash/Development/intern/frontend/node_modules/next/dist/server/load-components.js
<w>  at file dependencies /Users/palash/Development/intern/frontend/node_modules/next/dist/build/utils.js
<w>  at file /Users/palash/Development/intern/frontend/node_modules/next/dist/build/utils.js
<w>  at file dependencies /Users/palash/Development/intern/frontend/node_modules/next/dist/build/webpack/loaders/next-route-loader/index.js
<w>  at file /Users/palash/Development/intern/frontend/node_modules/next/dist/build/webpack/loaders/next-route-loader/index.js
<w>  at resolve commonjs /Users/palash/Development/intern/frontend/node_modules/next/dist/build/webpack/loaders/next-route-loader/index.js
<w> [webpack.cache.PackFileCacheStrategy/webpack.FileSystemInfo] Resolving './vendor-chunks/hasown' in /Users/palash/Development/intern/frontend/.next/server for build dependencies doesn't lead to expected result '/Users/palash/Development/intern/frontend/.next/server/vendor-chunks/hasown.js', but to 'Error: Can't resolve './vendor-chunks/hasown' in '/Users/palash/Development/intern/frontend/.next/server'' instead. Resolving dependencies are ignored for this path.
<w>  at resolve commonjs file ./vendor-chunks/hasown (expected /Users/palash/Development/intern/frontend/.next/server/vendor-chunks/hasown.js)
<w>  at file dependencies /Users/palash/Development/intern/frontend/.next/server/webpack-runtime.js
<w>  at file /Users/palash/Development/intern/frontend/.next/server/webpack-runtime.js
<w>  at file dependencies /Users/palash/Development/intern/frontend/.next/server/app/auth/register/page.js
<w>  at file /Users/palash/Development/intern/frontend/.next/server/app/auth/register/page.js
<w>  at file dependencies /Users/palash/Development/intern/frontend/node_modules/next/dist/server/require.js
<w>  at file /Users/palash/Development/intern/frontend/node_modules/next/dist/server/require.js
<w>  at file dependencies /Users/palash/Development/intern/frontend/node_modules/next/dist/server/load-components.js
<w>  at file /Users/palash/Development/intern/frontend/node_modules/next/dist/server/load-components.js
<w>  at file dependencies /Users/palash/Development/intern/frontend/node_modules/next/dist/build/utils.js
<w>  at file /Users/palash/Development/intern/frontend/node_modules/next/dist/build/utils.js
<w>  at file dependencies /Users/palash/Development/intern/frontend/node_modules/next/dist/build/webpack/loaders/next-route-loader/index.js
<w>  at file /Users/palash/Development/intern/frontend/node_modules/next/dist/build/webpack/loaders/next-route-loader/index.js
<w>  at resolve commonjs /Users/palash/Development/intern/frontend/node_modules/next/dist/build/webpack/loaders/next-route-loader/index.js
 ✓ Compiled in 375ms (887 modules)
 ✓ Compiled /_not-found in 468ms (1696 modules)
 GET /_next/static/css/app/layout.css?v=1765721356255 404 in 527ms
 GET /_next/static/css/app/layout.css?v=1765721356806 404 in 16ms
<w> [webpack.cache.PackFileCacheStrategy] Caching failed for pack: Error: ENOENT: no such file or directory, lstat '/Users/palash/Development/intern/frontend/.next/server/vendor-chunks/es-object-atoms.js'
<w> [webpack.cache.PackFileCacheStrategy/webpack.FileSystemInfo] Resolving './vendor-chunks/es-object-atoms' in /Users/palash/Development/intern/frontend/.next/server for build dependencies doesn't lead to expected result '/Users/palash/Development/intern/frontend/.next/server/vendor-chunks/es-object-atoms.js', but to 'Error: Can't resolve './vendor-chunks/es-object-atoms' in '/Users/palash/Development/intern/frontend/.next/server'' instead. Resolving dependencies are ignored for this path.
<w>  at resolve commonjs file ./vendor-chunks/es-object-atoms (expected /Users/palash/Development/intern/frontend/.next/server/vendor-chunks/es-object-atoms.js)
<w>  at file dependencies /Users/palash/Development/intern/frontend/.next/server/webpack-runtime.js
<w>  at file /Users/palash/Development/intern/frontend/.next/server/webpack-runtime.js
<w>  at file dependencies /Users/palash/Development/intern/frontend/.next/server/app/auth/register/page.js
<w>  at file /Users/palash/Development/intern/frontend/.next/server/app/auth/register/page.js
<w>  at file dependencies /Users/palash/Development/intern/frontend/node_modules/next/dist/server/require.js
<w>  at file /Users/palash/Development/intern/frontend/node_modules/next/dist/server/require.js
<w>  at file dependencies /Users/palash/Development/intern/frontend/node_modules/next/dist/server/load-components.js
<w>  at file /Users/palash/Development/intern/frontend/node_modules/next/dist/server/load-components.js
<w>  at file dependencies /Users/palash/Development/intern/frontend/node_modules/next/dist/build/utils.js
<w>  at file /Users/palash/Development/intern/frontend/node_modules/next/dist/build/utils.js
<w>  at file dependencies /Users/palash/Development/intern/frontend/node_modules/next/dist/build/webpack/loaders/next-route-loader/index.js
<w>  at file /Users/palash/Development/intern/frontend/node_modules/next/dist/build/webpack/loaders/next-route-loader/index.js
<w>  at resolve commonjs /Users/palash/Development/intern/frontend/node_modules/next/dist/build/webpack/loaders/next-route-loader/index.js
<w> [webpack.cache.PackFileCacheStrategy/webpack.FileSystemInfo] Resolving './vendor-chunks/has-tostringtag' in /Users/palash/Development/intern/frontend/.next/server for build dependencies doesn't lead to expected result '/Users/palash/Development/intern/frontend/.next/server/vendor-chunks/has-tostringtag.js', but to 'Error: Can't resolve './vendor-chunks/has-tostringtag' in '/Users/palash/Development/intern/frontend/.next/server'' instead. Resolving dependencies are ignored for this path.
<w>  at resolve commonjs file ./vendor-chunks/has-tostringtag (expected /Users/palash/Development/intern/frontend/.next/server/vendor-chunks/has-tostringtag.js)
<w>  at file dependencies /Users/palash/Development/intern/frontend/.next/server/webpack-runtime.js
<w>  at file /Users/palash/Development/intern/frontend/.next/server/webpack-runtime.js
<w>  at file dependencies /Users/palash/Development/intern/frontend/.next/server/app/auth/register/page.js
<w>  at file /Users/palash/Development/intern/frontend/.next/server/app/auth/register/page.js
<w>  at file dependencies /Users/palash/Development/intern/frontend/node_modules/next/dist/server/require.js
<w>  at file /Users/palash/Development/intern/frontend/node_modules/next/dist/server/require.js
<w>  at file dependencies /Users/palash/Development/intern/frontend/node_modules/next/dist/server/load-components.js
<w>  at file /Users/palash/Development/intern/frontend/node_modules/next/dist/server/load-components.js
<w>  at file dependencies /Users/palash/Development/intern/frontend/node_modules/next/dist/build/utils.js
<w>  at file /Users/palash/Development/intern/frontend/node_modules/next/dist/build/utils.js
<w>  at file dependencies /Users/palash/Development/intern/frontend/node_modules/next/dist/build/webpack/loaders/next-route-loader/index.js
<w>  at file /Users/palash/Development/intern/frontend/node_modules/next/dist/build/webpack/loaders/next-route-loader/index.js
<w>  at resolve commonjs /Users/palash/Development/intern/frontend/node_modules/next/dist/build/webpack/loaders/next-route-loader/index.js
<w> [webpack.cache.PackFileCacheStrategy/webpack.FileSystemInfo] Resolving './vendor-chunks/hasown' in /Users/palash/Development/intern/frontend/.next/server for build dependencies doesn't lead to expected result '/Users/palash/Development/intern/frontend/.next/server/vendor-chunks/hasown.js', but to 'Error: Can't resolve './vendor-chunks/hasown' in '/Users/palash/Development/intern/frontend/.next/server'' instead. Resolving dependencies are ignored for this path.
<w>  at resolve commonjs file ./vendor-chunks/hasown (expected /Users/palash/Development/intern/frontend/.next/server/vendor-chunks/hasown.js)
<w>  at file dependencies /Users/palash/Development/intern/frontend/.next/server/webpack-runtime.js
<w>  at file /Users/palash/Development/intern/frontend/.next/server/webpack-runtime.js
<w>  at file dependencies /Users/palash/Development/intern/frontend/.next/server/app/auth/register/page.js
<w>  at file /Users/palash/Development/intern/frontend/.next/server/app/auth/register/page.js
<w>  at file dependencies /Users/palash/Development/intern/frontend/node_modules/next/dist/server/require.js
<w>  at file /Users/palash/Development/intern/frontend/node_modules/next/dist/server/require.js
<w>  at file dependencies /Users/palash/Development/intern/frontend/node_modules/next/dist/server/load-components.js
<w>  at file /Users/palash/Development/intern/frontend/node_modules/next/dist/server/load-components.js
<w>  at file dependencies /Users/palash/Development/intern/frontend/node_modules/next/dist/build/utils.js
<w>  at file /Users/palash/Development/intern/frontend/node_modules/next/dist/build/utils.js
<w>  at file dependencies /Users/palash/Development/intern/frontend/node_modules/next/dist/build/webpack/loaders/next-route-loader/index.js
<w>  at file /Users/palash/Development/intern/frontend/node_modules/next/dist/build/webpack/loaders/next-route-loader/index.js
<w>  at resolve commonjs /Users/palash/Development/intern/frontend/node_modules/next/dist/build/webpack/loaders/next-route-loader/index.js
<w> [webpack.cache.PackFileCacheStrategy/webpack.FileSystemInfo] Resolving './vendor-chunks/es-define-property' in /Users/palash/Development/intern/frontend/.next/server for build dependencies doesn't lead to expected result '/Users/palash/Development/intern/frontend/.next/server/vendor-chunks/es-define-property.js', but to 'Error: Can't resolve './vendor-chunks/es-define-property' in '/Users/palash/Development/intern/frontend/.next/server'' instead. Resolving dependencies are ignored for this path.
<w>  at resolve commonjs file ./vendor-chunks/es-define-property (expected /Users/palash/Development/intern/frontend/.next/server/vendor-chunks/es-define-property.js)
<w>  at file dependencies /Users/palash/Development/intern/frontend/.next/server/webpack-runtime.js
<w>  at file /Users/palash/Development/intern/frontend/.next/server/webpack-runtime.js
<w>  at file dependencies /Users/palash/Development/intern/frontend/.next/server/app/auth/register/page.js
<w>  at file /Users/palash/Development/intern/frontend/.next/server/app/auth/register/page.js
<w>  at file dependencies /Users/palash/Development/intern/frontend/node_modules/next/dist/server/require.js
<w>  at file /Users/palash/Development/intern/frontend/node_modules/next/dist/server/require.js
<w>  at file dependencies /Users/palash/Development/intern/frontend/node_modules/next/dist/server/load-components.js
<w>  at file /Users/palash/Development/intern/frontend/node_modules/next/dist/server/load-components.js
<w>  at file dependencies /Users/palash/Development/intern/frontend/node_modules/next/dist/build/utils.js
<w>  at file /Users/palash/Development/intern/frontend/node_modules/next/dist/build/utils.js
<w>  at file dependencies /Users/palash/Development/intern/frontend/node_modules/next/dist/build/webpack/loaders/next-route-loader/index.js
<w>  at file /Users/palash/Development/intern/frontend/node_modules/next/dist/build/webpack/loaders/next-route-loader/index.js
<w>  at resolve commonjs /Users/palash/Development/intern/frontend/node_modules/next/dist/build/webpack/loaders/next-route-loader/index.js
<w> [webpack.cache.PackFileCacheStrategy/webpack.FileSystemInfo] Resolving './vendor-chunks/gopd' in /Users/palash/Development/intern/frontend/.next/server for build dependencies doesn't lead to expected result '/Users/palash/Development/intern/frontend/.next/server/vendor-chunks/gopd.js', but to 'Error: Can't resolve './vendor-chunks/gopd' in '/Users/palash/Development/intern/frontend/.next/server'' instead. Resolving dependencies are ignored for this path.
<w>  at resolve commonjs file ./vendor-chunks/gopd (expected /Users/palash/Development/intern/frontend/.next/server/vendor-chunks/gopd.js)
<w>  at file dependencies /Users/palash/Development/intern/frontend/.next/server/webpack-runtime.js
<w>  at file /Users/palash/Development/intern/frontend/.next/server/webpack-runtime.js
<w>  at file dependencies /Users/palash/Development/intern/frontend/.next/server/app/auth/register/page.js
<w>  at file /Users/palash/Development/intern/frontend/.next/server/app/auth/register/page.js
<w>  at file dependencies /Users/palash/Development/intern/frontend/node_modules/next/dist/server/require.js
<w>  at file /Users/palash/Development/intern/frontend/node_modules/next/dist/server/require.js
<w>  at file dependencies /Users/palash/Development/intern/frontend/node_modules/next/dist/server/load-components.js
<w>  at file /Users/palash/Development/intern/frontend/node_modules/next/dist/server/load-components.js
<w>  at file dependencies /Users/palash/Development/intern/frontend/node_modules/next/dist/build/utils.js
<w>  at file /Users/palash/Development/intern/frontend/node_modules/next/dist/build/utils.js
<w>  at file dependencies /Users/palash/Development/intern/frontend/node_modules/next/dist/build/webpack/loaders/next-route-loader/index.js
<w>  at file /Users/palash/Development/intern/frontend/node_modules/next/dist/build/webpack/loaders/next-route-loader/index.js
<w>  at resolve commonjs /Users/palash/Development/intern/frontend/node_modules/next/dist/build/webpack/loaders/next-route-loader/index.js
 ✓ Compiled in 763ms (887 modules)
 ✓ Compiled /_not-found in 376ms (1710 modules)
 ⨯ TypeError: e[o] is not a function
    at Object.t [as require] (/Users/palash/Development/intern/frontend/.next/server/webpack-runtime.js:1:142)
    at JSON.parse (<anonymous>)
digest: "1214635865"
TypeError: e[o] is not a function
    at Object.t [as require] (/Users/palash/Development/intern/frontend/.next/server/webpack-runtime.js:1:142)
    at require (/Users/palash/Development/intern/frontend/node_modules/next/dist/compiled/next-server/app-page.runtime.prod.js:16:18839)
    at I (/Users/palash/Development/intern/frontend/node_modules/next/dist/compiled/next-server/app-page.runtime.prod.js:12:94364)
    at /Users/palash/Development/intern/frontend/node_modules/next/dist/compiled/next-server/app-page.runtime.prod.js:12:96670
    at F._fromJSON (/Users/palash/Development/intern/frontend/node_modules/next/dist/compiled/next-server/app-page.runtime.prod.js:12:97108)
    at JSON.parse (<anonymous>)
    at O (/Users/palash/Development/intern/frontend/node_modules/next/dist/compiled/next-server/app-page.runtime.prod.js:12:94085)
    at t (/Users/palash/Development/intern/frontend/node_modules/next/dist/compiled/next-server/app-page.runtime.prod.js:12:100584)
 ⨯ TypeError: e[o] is not a function
    at Object.t [as require] (/Users/palash/Development/intern/frontend/.next/server/webpack-runtime.js:1:142)
    at require (/Users/palash/Development/intern/frontend/node_modules/next/dist/compiled/next-server/app-page.runtime.prod.js:16:18839)
    at I (/Users/palash/Development/intern/frontend/node_modules/next/dist/compiled/next-server/app-page.runtime.prod.js:12:94364)
    at /Users/palash/Development/intern/frontend/node_modules/next/dist/compiled/next-server/app-page.runtime.prod.js:12:96670
    at F._fromJSON (/Users/palash/Development/intern/frontend/node_modules/next/dist/compiled/next-server/app-page.runtime.prod.js:12:97108)
    at JSON.parse (<anonymous>)
    at O (/Users/palash/Development/intern/frontend/node_modules/next/dist/compiled/next-server/app-page.runtime.prod.js:12:94085)
    at t (/Users/palash/Development/intern/frontend/node_modules/next/dist/compiled/next-server/app-page.runtime.prod.js:12:100584)
 ⨯ TypeError: e[o] is not a function
    at Object.t [as require] (/Users/palash/Development/intern/frontend/.next/server/webpack-runtime.js:1:142)
    at JSON.parse (<anonymous>)
digest: "1214635865"
TypeError: e[o] is not a function
    at Object.t [as require] (/Users/palash/Development/intern/frontend/.next/server/webpack-runtime.js:1:142)
    at require (/Users/palash/Development/intern/frontend/node_modules/next/dist/compiled/next-server/app-page.runtime.prod.js:16:18839)
    at I (/Users/palash/Development/intern/frontend/node_modules/next/dist/compiled/next-server/app-page.runtime.prod.js:12:94364)
    at /Users/palash/Development/intern/frontend/node_modules/next/dist/compiled/next-server/app-page.runtime.prod.js:12:96670
    at F._fromJSON (/Users/palash/Development/intern/frontend/node_modules/next/dist/compiled/next-server/app-page.runtime.prod.js:12:97108)
    at JSON.parse (<anonymous>)
    at O (/Users/palash/Development/intern/frontend/node_modules/next/dist/compiled/next-server/app-page.runtime.prod.js:12:94085)
    at t (/Users/palash/Development/intern/frontend/node_modules/next/dist/compiled/next-server/app-page.runtime.prod.js:12:100584)
 ⨯ TypeError: e[o] is not a function
    at Object.t [as require] (/Users/palash/Development/intern/frontend/.next/server/webpack-runtime.js:1:142)
    at require (/Users/palash/Development/intern/frontend/node_modules/next/dist/compiled/next-server/app-page.runtime.prod.js:16:18839)
    at I (/Users/palash/Development/intern/frontend/node_modules/next/dist/compiled/next-server/app-page.runtime.prod.js:12:94364)
    at /Users/palash/Development/intern/frontend/node_modules/next/dist/compiled/next-server/app-page.runtime.prod.js:12:96670
    at F._fromJSON (/Users/palash/Development/intern/frontend/node_modules/next/dist/compiled/next-server/app-page.runtime.prod.js:12:97108)
    at JSON.parse (<anonymous>)
    at O (/Users/palash/Development/intern/frontend/node_modules/next/dist/compiled/next-server/app-page.runtime.prod.js:12:94085)
    at t (/Users/palash/Development/intern/frontend/node_modules/next/dist/compiled/next-server/app-page.runtime.prod.js:12:100584)
 ✓ Compiled /_error in 495ms (1698 modules)
 GET /_next/static/css/app/layout.css?v=1765729259536 500 in 2269ms
 GET /_next/static/css/app/layout.css 500 in 1779ms
<w> [webpack.cache.PackFileCacheStrategy] Caching failed for pack: Error: ENOENT: no such file or directory, rename '/Users/palash/Development/intern/frontend/.next/cache/webpack/client-development-fallback/0.pack.gz_' -> '/Users/palash/Development/intern/frontend/.next/cache/webpack/client-development-fallback/0.pack.gz'
 GET /doctor/dashboard 404 in 136ms
 GET /_next/static/css/app/layout.css?v=1765729275920 404 in 21ms
 GET /_next/static/chunks/main-app.js?v=1765729275920 404 in 32ms
 GET /_next/static/chunks/app-pages-internals.js 404 in 34ms
 GET /_next/static/chunks/app/error.js 404 in 34ms
 GET /doctor/dashboard 404 in 53ms
 GET /_next/static/css/app/layout.css?v=1765729277071 404 in 23ms
 GET /_next/static/chunks/app/error.js 404 in 27ms
 GET /_next/static/chunks/app-pages-internals.js 404 in 26ms
 GET /_next/static/chunks/main-app.js?v=1765729277071 404 in 27ms
 GET /doctor/dashboard 404 in 22ms
 GET /_next/static/css/app/layout.css?v=1765729278695 404 in 22ms
 GET /_next/static/chunks/main-app.js?v=1765729278695 404 in 23ms
 GET /_next/static/chunks/app/error.js 404 in 20ms
 GET /_next/static/chunks/app-pages-internals.js 404 in 21ms
<w> [webpack.cache.PackFileCacheStrategy] Caching failed for pack: Error: ENOENT: no such file or directory, lstat '/Users/palash/Development/intern/frontend/.next/server/vendor-chunks/clsx.js'
<w> [webpack.cache.PackFileCacheStrategy/webpack.FileSystemInfo] Resolving './vendor-chunks/goober' in /Users/palash/Development/intern/frontend/.next/server for build dependencies doesn't lead to expected result '/Users/palash/Development/intern/frontend/.next/server/vendor-chunks/goober.js', but to 'Error: Can't resolve './vendor-chunks/goober' in '/Users/palash/Development/intern/frontend/.next/server'' instead. Resolving dependencies are ignored for this path.
<w>  at resolve commonjs file ./vendor-chunks/goober (expected /Users/palash/Development/intern/frontend/.next/server/vendor-chunks/goober.js)
<w>  at file dependencies /Users/palash/Development/intern/frontend/.next/server/webpack-runtime.js
<w>  at file /Users/palash/Development/intern/frontend/.next/server/webpack-runtime.js
<w>  at file dependencies /Users/palash/Development/intern/frontend/.next/server/app/_not-found/page.js
<w>  at file /Users/palash/Development/intern/frontend/.next/server/app/_not-found/page.js
<w>  at file dependencies /Users/palash/Development/intern/frontend/node_modules/next/dist/server/require.js
<w>  at file /Users/palash/Development/intern/frontend/node_modules/next/dist/server/require.js
<w>  at file dependencies /Users/palash/Development/intern/frontend/node_modules/next/dist/server/load-components.js
<w>  at file /Users/palash/Development/intern/frontend/node_modules/next/dist/server/load-components.js
<w>  at file dependencies /Users/palash/Development/intern/frontend/node_modules/next/dist/build/utils.js
<w>  at file /Users/palash/Development/intern/frontend/node_modules/next/dist/build/utils.js
<w>  at file dependencies /Users/palash/Development/intern/frontend/node_modules/next/dist/build/webpack/loaders/next-route-loader/index.js
<w>  at file /Users/palash/Development/intern/frontend/node_modules/next/dist/build/webpack/loaders/next-route-loader/index.js
<w>  at resolve commonjs /Users/palash/Development/intern/frontend/node_modules/next/dist/build/webpack/loaders/next-route-loader/index.js
<w> [webpack.cache.PackFileCacheStrategy/webpack.FileSystemInfo] Resolving './vendor-chunks/clsx' in /Users/palash/Development/intern/frontend/.next/server for build dependencies doesn't lead to expected result '/Users/palash/Development/intern/frontend/.next/server/vendor-chunks/clsx.js', but to 'Error: Can't resolve './vendor-chunks/clsx' in '/Users/palash/Development/intern/frontend/.next/server'' instead. Resolving dependencies are ignored for this path.
<w>  at resolve commonjs file ./vendor-chunks/clsx (expected /Users/palash/Development/intern/frontend/.next/server/vendor-chunks/clsx.js)
<w>  at file dependencies /Users/palash/Development/intern/frontend/.next/server/webpack-runtime.js
<w>  at file /Users/palash/Development/intern/frontend/.next/server/webpack-runtime.js
<w>  at file dependencies /Users/palash/Development/intern/frontend/.next/server/app/_not-found/page.js
<w>  at file /Users/palash/Development/intern/frontend/.next/server/app/_not-found/page.js
<w>  at file dependencies /Users/palash/Development/intern/frontend/node_modules/next/dist/server/require.js
<w>  at file /Users/palash/Development/intern/frontend/node_modules/next/dist/server/require.js
<w>  at file dependencies /Users/palash/Development/intern/frontend/node_modules/next/dist/server/load-components.js
<w>  at file /Users/palash/Development/intern/frontend/node_modules/next/dist/server/load-components.js
<w>  at file dependencies /Users/palash/Development/intern/frontend/node_modules/next/dist/build/utils.js
<w>  at file /Users/palash/Development/intern/frontend/node_modules/next/dist/build/utils.js
<w>  at file dependencies /Users/palash/Development/intern/frontend/node_modules/next/dist/build/webpack/loaders/next-route-loader/index.js
<w>  at file /Users/palash/Development/intern/frontend/node_modules/next/dist/build/webpack/loaders/next-route-loader/index.js
<w>  at resolve commonjs /Users/palash/Development/intern/frontend/node_modules/next/dist/build/webpack/loaders/next-route-loader/index.js
<w> [webpack.cache.PackFileCacheStrategy/webpack.FileSystemInfo] Resolving './vendor-chunks/react-hot-toast' in /Users/palash/Development/intern/frontend/.next/server for build dependencies doesn't lead to expected result '/Users/palash/Development/intern/frontend/.next/server/vendor-chunks/react-hot-toast.js', but to 'Error: Can't resolve './vendor-chunks/react-hot-toast' in '/Users/palash/Development/intern/frontend/.next/server'' instead. Resolving dependencies are ignored for this path.
<w>  at resolve commonjs file ./vendor-chunks/react-hot-toast (expected /Users/palash/Development/intern/frontend/.next/server/vendor-chunks/react-hot-toast.js)
<w>  at file dependencies /Users/palash/Development/intern/frontend/.next/server/webpack-runtime.js
<w>  at file /Users/palash/Development/intern/frontend/.next/server/webpack-runtime.js
<w>  at file dependencies /Users/palash/Development/intern/frontend/.next/server/app/_not-found/page.js
<w>  at file /Users/palash/Development/intern/frontend/.next/server/app/_not-found/page.js
<w>  at file dependencies /Users/palash/Development/intern/frontend/node_modules/next/dist/server/require.js
<w>  at file /Users/palash/Development/intern/frontend/node_modules/next/dist/server/require.js
<w>  at file dependencies /Users/palash/Development/intern/frontend/node_modules/next/dist/server/load-components.js
<w>  at file /Users/palash/Development/intern/frontend/node_modules/next/dist/server/load-components.js
<w>  at file dependencies /Users/palash/Development/intern/frontend/node_modules/next/dist/build/utils.js
<w>  at file /Users/palash/Development/intern/frontend/node_modules/next/dist/build/utils.js
<w>  at file dependencies /Users/palash/Development/intern/frontend/node_modules/next/dist/build/webpack/loaders/next-route-loader/index.js
<w>  at file /Users/palash/Development/intern/frontend/node_modules/next/dist/build/webpack/loaders/next-route-loader/index.js
<w>  at resolve commonjs /Users/palash/Development/intern/frontend/node_modules/next/dist/build/webpack/loaders/next-route-loader/index.js
<w> [webpack.cache.PackFileCacheStrategy/webpack.FileSystemInfo] Resolving './vendor-chunks/use-sync-external-store' in /Users/palash/Development/intern/frontend/.next/server for build dependencies doesn't lead to expected result '/Users/palash/Development/intern/frontend/.next/server/vendor-chunks/use-sync-external-store.js', but to 'Error: Can't resolve './vendor-chunks/use-sync-external-store' in '/Users/palash/Development/intern/frontend/.next/server'' instead. Resolving dependencies are ignored for this path.
<w>  at resolve commonjs file ./vendor-chunks/use-sync-external-store (expected /Users/palash/Development/intern/frontend/.next/server/vendor-chunks/use-sync-external-store.js)
<w>  at file dependencies /Users/palash/Development/intern/frontend/.next/server/webpack-runtime.js
<w>  at file /Users/palash/Development/intern/frontend/.next/server/webpack-runtime.js
<w>  at file dependencies /Users/palash/Development/intern/frontend/.next/server/app/_not-found/page.js
<w>  at file /Users/palash/Development/intern/frontend/.next/server/app/_not-found/page.js
<w>  at file dependencies /Users/palash/Development/intern/frontend/node_modules/next/dist/server/require.js
<w>  at file /Users/palash/Development/intern/frontend/node_modules/next/dist/server/require.js
<w>  at file dependencies /Users/palash/Development/intern/frontend/node_modules/next/dist/server/load-components.js
<w>  at file /Users/palash/Development/intern/frontend/node_modules/next/dist/server/load-components.js
<w>  at file dependencies /Users/palash/Development/intern/frontend/node_modules/next/dist/build/utils.js
<w>  at file /Users/palash/Development/intern/frontend/node_modules/next/dist/build/utils.js
<w>  at file dependencies /Users/palash/Development/intern/frontend/node_modules/next/dist/build/webpack/loaders/next-route-loader/index.js
<w>  at file /Users/palash/Development/intern/frontend/node_modules/next/dist/build/webpack/loaders/next-route-loader/index.js
<w>  at resolve commonjs /Users/palash/Development/intern/frontend/node_modules/next/dist/build/webpack/loaders/next-route-loader/index.js
 ✓ Compiled in 1054ms (1710 modules)
 ✓ Compiled in 507ms (1707 modules)
 GET /doctor/dashboard 200 in 118ms
 ✓ Compiled /_not-found in 224ms (1696 modules)
 GET /_next/static/chunks/main-app.js?v=1765729354485 404 in 253ms
 GET /_next/static/css/app/layout.css?v=1765729354485 404 in 270ms
 GET /_next/static/chunks/app-pages-internals.js 404 in 252ms
 GET /_next/static/chunks/app/error.js 404 in 157ms
 GET /_next/static/chunks/app/doctor/dashboard/error.js 404 in 251ms
 GET /doctor/dashboard 200 in 51ms
 GET /_next/static/css/app/layout.css?v=1765729359614 404 in 13ms
 GET /_next/static/chunks/main-app.js?v=1765729359614 404 in 23ms
 GET /_next/static/chunks/app-pages-internals.js 404 in 24ms
 GET /_next/static/chunks/app/error.js 404 in 19ms
 GET /_next/static/chunks/app/doctor/dashboard/error.js 404 in 21ms
 GET / 200 in 349ms
 ✓ Compiled in 802ms (1696 modules)
 GET /_next/static/chunks/main-app.js?v=1765729361706 404 in 310ms
 GET /_next/static/chunks/app-pages-internals.js 404 in 308ms
 GET /_next/static/css/app/layout.css?v=1765729361706 404 in 315ms
 GET /_next/static/chunks/app/page.js 404 in 299ms
 GET /_next/static/chunks/app/error.js 404 in 282ms
 ✓ Compiled in 2.6s (1710 modules)
 GET / 200 in 129ms
 GET /_next/static/css/app/layout.css?v=1765729405642 404 in 32ms
 GET /_next/static/chunks/main-app.js?v=1765729405642 404 in 44ms
 GET /_next/static/chunks/app/page.js 404 in 37ms
 GET /_next/static/chunks/app-pages-internals.js 404 in 46ms
 GET /_next/static/chunks/app/error.js 404 in 29ms
 GET /.well-known/appspecific/com.chrome.devtools.json 404 in 11ms
 GET /_next/static/css/app/layout.css?v=1765729405642 404 in 13ms
 ✓ Compiled in 422ms (889 modules)
 ✓ Compiled in 482ms (889 modules)
 ✓ Compiled in 786ms (1710 modules)
 ⨯ ./src/components/GlobalErrorHandler.tsx
Error: Failed to read source code from /Users/palash/Development/intern/frontend/src/components/GlobalErrorHandler.tsx

Caused by:
    No such file or directory (os error 2)

Import trace for requested module:
./src/components/GlobalErrorHandler.tsx
 ✓ Compiled in 3.5s (1707 modules)
 ✓ Compiled in 1132ms (1707 modules)
 GET / 200 in 228ms
 GET /.well-known/appspecific/com.chrome.devtools.json 404 in 60ms
 GET /_next/static/css/app/layout.css?v=1765729482932 404 in 60ms
 GET /_next/static/chunks/main-app.js?v=1765729482932 404 in 37ms
 GET /_next/static/chunks/app-pages-internals.js 404 in 35ms
